"Assay","Taxon","Name","Amp"
"DIME","Didemnum perlucidum","JQ731740.1 Didemnum perlucidum haplotype 7 cytochrome oxidase subunit I (COI) gene partial cds mitochondrial",0.971
"DIME","Didemnum perlucidum","KX650790.1 Didemnum perlucidum voucher DBTIC170 cytochrome oxidase subunit I (COI) gene partial cds mitochondrial",0.971
"DIME","Didemnum perlucidum","KX650791.1 Didemnum perlucidum voucher DBTIC171 cytochrome oxidase subunit I (COI) gene partial cds mitochondrial",0.971
"DIME","Didemnum perlucidum","KR303626.1 Didemnum perlucidum voucher DBTIC 29 cytochrome oxidase subunit I (COI) gene partial cds mitochondrial",0.971
"DIME","Didemnum perlucidum","MH824676.1 Didemnum perlucidum voucher ASC 49 cytochrome c oxidase subunit I (COI) gene partial cds mitochondrial",0.971
"DIME","Didemnum perlucidum","MH824677.1 Didemnum perlucidum voucher ASC 50 cytochrome c oxidase subunit I (COI) gene partial cds mitochondrial",0.971
"DIME","Didemnum perlucidum","MH824680.1 Didemnum perlucidum voucher ASC 100 cytochrome c oxidase subunit I (COI) gene partial cds mitochondrial",0.971
"DIME","Didemnum perlucidum","MH824679.1 Didemnum perlucidum voucher ASC 48 cytochrome c oxidase subunit I (COI) gene partial cds mitochondrial",0.971
"DIME","Didemnum perlucidum","MH824678.1 Didemnum perlucidum voucher ASC 47 cytochrome c oxidase subunit I (COI) gene partial cds mitochondrial",0.971
"DIME","Didemnum perlucidum","KU667270.1 Didemnum perlucidum voucher DBTIC80 cytochrome oxidase subunit I (COI) gene partial cds mitochondrial",0.971
"DIME","Didemnum perlucidum","KR537439.1 Didemnum perlucidum voucher DBTIC 30 cytochrome oxidase subunit I (COI) gene partial cds mitochondrial",0.971
"DIME","Didemnum perlucidum","KX138490.1 Didemnum perlucidum voucher DBTIC117 cytochrome oxidase subunit I (COI) gene partial cds mitochondrial",0.971
"DIME","Didemnum perlucidum","KX138487.1 Didemnum perlucidum voucher DBTIC114 cytochrome oxidase subunit I (COI) gene partial cds mitochondrial",0.971
"DIME","Didemnum perlucidum","KX138486.1 Didemnum perlucidum voucher DBTIC113 cytochrome oxidase subunit I (COI) gene partial cds mitochondrial",0.971
"DIME","Didemnum perlucidum","MT637962.1 Didemnum perlucidum isolate 8Mar19-1-2 cytochrome oxidase subunit I (COI) gene partial cds mitochondrial",0.971
"DIME","Didemnum perlucidum","KU883151.1 Didemnum perlucidum isolate JD781 cytochrome oxidase subunit I (COI) gene partial cds mitochondrial",0.971
"DIME","Didemnum perlucidum","JQ731735.1 Didemnum perlucidum isolate 2 cytochrome oxidase subunit I (COI) gene partial cds mitochondrial",0.971
"DIME","Didemnum perlucidum","MW285100.1 Didemnum perlucidum isolate Clearwater_FL_8 cytochrome c oxidase subunit I (COX1) gene partial cds mitochondrial",0.971
"DIME","Didemnum perlucidum","MZ400415.1 Didemnum perlucidum mitochondrion partial genome",0.971
"DIME","Didemnum perlucidum","MN184710.1 Didemnum perlucidum isolate Biosec1544 cytochrome oxidase subunit I (COI) gene partial cds mitochondrial",0.971
"DIME","Didemnum perlucidum","KX138491.1 Didemnum perlucidum voucher DBTIC118 cytochrome oxidase subunit I (COI) gene partial cds mitochondrial",0.971
"DIME","Didemnum perlucidum","KX138489.1 Didemnum perlucidum voucher DBTIC116 cytochrome oxidase subunit I (COI) gene partial cds mitochondrial",0.971
"DIME","Didemnum perlucidum","KX138488.1 Didemnum perlucidum voucher DBTIC115 cytochrome oxidase subunit I (COI) gene partial cds mitochondrial",0.971
"DIME","Didemnum etiolum","KY741541.1 Didemnum etiolum voucher ICBT17_01 cytochrome oxidase subunit I (COI) gene partial cds mitochondrial",0.839
"DIME","Didemnum albopunctatum","KX650789.1 Didemnum albopunctatum voucher DBTIC169 cytochrome oxidase subunit I (COI) gene partial cds mitochondrial",0.386
"DIME","Lissoclinum verrilli","MN586625.1 Lissoclinum verrilli isolate As58 cytochrome oxidase subunit 1 gene partial cds mitochondrial",0.361
"DIME","Didemnum ligulum","KU221198.1 Didemnum ligulum voucher UF_613 cytochrome oxidase subunit I (COI) gene partial cds mitochondrial",0.337
"DIME","Didemnum ligulum","KU221202.1 Didemnum ligulum voucher UF_1387 cytochrome oxidase subunit I (COI) gene partial cds mitochondrial",0.337
"DIME","Didemnum ligulum","KU221200.1 Didemnum ligulum voucher UF_694 cytochrome oxidase subunit I (COI) gene partial cds mitochondrial",0.337
"DIME","Lissoclinum verrilli","MN586626.1 Lissoclinum verrilli isolate As77 cytochrome oxidase subunit 1 gene partial cds mitochondrial",0.333
"DIME","Lissoclinum verrilli","MN586624.1 Lissoclinum verrilli isolate As52 cytochrome oxidase subunit 1 gene partial cds mitochondrial",0.333
"DIME","Didemnum granulatum","KU221215.1 Didemnum granulatum voucher UF_1408 cytochrome oxidase subunit I (COI) gene partial cds mitochondrial",0.327
"DIME","Didemnum granulatum","KU221204.1 Didemnum granulatum voucher UF_601 cytochrome oxidase subunit I (COI) gene partial cds mitochondrial",0.327
"DIME","Diplosoma listerianum","KF791897.1 Diplosoma listerianum haplotype 31 cytochrome oxidase subunit I (COI) gene partial cds mitochondrial",0.32
"DIME","Diplosoma simile","AB723718.1 Diplosoma simile mitochondrial coxI gene for cytochrome oxidase subunit I partial cds country: Panama:Bocas del Toro Isla Cr",0.312
"DIME","Diplosoma simile","AB723717.1 Diplosoma simile mitochondrial coxI gene for cytochrome oxidase subunit I partial cds country: Japan:Okinawa Okinawajima Is.",0.312
"DIME","Didemnum albidum","EU419432.1 Didemnum albidum voucher RMNH UROCH 750 cytochrome oxidase subunit I (COI) gene partial cds mitochondrial",0.31
"DIME","Lissoclinum punctatum","MN586617.1 Lissoclinum punctatum isolate A15 cytochrome oxidase subunit 1 gene partial cds mitochondrial",0.309
"DIME","Diplosoma listerianum","MW446053.1 Diplosoma listerianum haplotype haplotype 69 cytochrome c oxidase subunit I (COX1) gene partial cds mitochondrial",0.308
"DIME","Trididemnum savignii","MH258886.1 Trididemnum savignii isolate As_107 cytochrome oxidase subunit I gene partial cds mitochondrial",0.307
"DIME","Diplosoma listerianum","KF791896.1 Diplosoma listerianum haplotype 30 cytochrome oxidase subunit I (COI) gene partial cds mitochondrial",0.296
"DIME","Lissoclinum patella","KJ596321.1 Lissoclinum patella isolate L2 mitochondrion partial genome",0.293
"DIME","Lissoclinum verrilli","KU221194.1 Lissoclinum verrilli voucher UF_1244 cytochrome oxidase subunit I (COI) gene partial cds mitochondrial",0.293
"DIME","Lissoclinum verrilli","MW286133.1 Lissoclinum verrilli cytochrome c oxidase subunit I (COX1) gene partial cds mitochondrial",0.293
"DIME","Didemnum membranaceum","KU221225.1 Didemnum membranaceum voucher UF_720 cytochrome oxidase subunit I (COI) gene partial cds mitochondrial",0.292
"DIME","Trididemnum tomarahi","KU221203.1 Trididemnum tomarahi voucher UF_1424 cytochrome oxidase subunit I (COI) gene partial cds mitochondrial",0.291
"DIME","Polysyncraton poro","KU221222.1 Polysyncraton poro voucher UF_682 cytochrome oxidase subunit I (COI) gene partial cds mitochondrial",0.289
"DIME","Polysyncraton poro","KU221217.1 Polysyncraton poro voucher UF_664 cytochrome oxidase subunit I (COI) gene partial cds mitochondrial",0.289
"DIME","Didemnum duplicatum","MT637936.1 Didemnum duplicatum isolate 13Mar19-1-13 cytochrome oxidase subunit I (COI) gene partial cds mitochondrial",0.287
"DIME","Lissoclinum fragile","JF506185.1 Lissoclinum fragile clone 07Jun08-1-1 cytochrome c oxidase subunit I (COI) gene partial cds mitochondrial",0.287
"DIME","Lissoclinum fragile","JF506184.1 Lissoclinum fragile clone 07Jun08-3-6 cytochrome c oxidase subunit I (COI) gene partial cds mitochondrial",0.287
"DIME","Lissoclinum fragile","JF506181.1 Lissoclinum fragile clone 08Jun08-1-2 cytochrome c oxidase subunit I (COI) gene partial cds mitochondrial",0.287
"DIME","Lissoclinum fragile","JF506180.1 Lissoclinum fragile clone 08Jun08-1-5 cytochrome c oxidase subunit I (COI) gene partial cds mitochondrial",0.287
"DIME","Lissoclinum punctatum","MN586618.1 Lissoclinum punctatum isolate A119 cytochrome oxidase subunit 1 gene partial cds mitochondrial",0.286
"DIME","Trididemnum cereum","OM926008.1 Trididemnum cereum voucher SZN_B_1897ASC25B cytochrome c oxidase subunit I (COX1) gene partial cds mitochondrial",0.285
"DIME","Diplosoma listerianum","KY235551.1 Diplosoma listerianum isolate AB6MS cytochrome oxidase subunit I (COI) gene partial cds mitochondrial",0.281
"DIME","Polysyncraton lacazei","AY600986.1 Polysyncraton lacazei cytochrome c oxidase subunit I (COI) gene partial cds mitochondrial",0.28
"DIME","Diplosoma simile","KU221218.1 Diplosoma simile voucher UF_697 cytochrome oxidase subunit I (COI) gene partial cds mitochondrial",0.275
"DIME","Trididemnum cereum","KF309632.1 Trididemnum cereum isolate PRE-AA cytochrome oxidase subunit I (COI) gene partial cds mitochondrial",0.274
"DIME","Trididemnum cereum","OM926011.1 Trididemnum cereum voucher SZN_B_1899ASC25E cytochrome c oxidase subunit I (COX1) gene partial cds mitochondrial",0.274
"DIME","Trididemnum cereum","OM926010.1 Trididemnum cereum voucher SZN_B_1853ASC25D cytochrome c oxidase subunit I (COX1) gene partial cds mitochondrial",0.274
"DIME","Trididemnum cereum","OM926009.1 Trididemnum cereum voucher SZN_B_1898ASC25C cytochrome c oxidase subunit I (COX1) gene partial cds mitochondrial",0.274
"DIME","Trididemnum cereum","OM926007.1 Trididemnum cereum voucher SZN_B_1821ASC25A cytochrome c oxidase subunit I (COX1) gene partial cds mitochondrial",0.274
"DIME","Diplosoma listerianum","KF791878.1 Diplosoma listerianum haplotype 12 cytochrome oxidase subunit I (COI) gene partial cds mitochondrial",0.273
"DIME","Didemnum membranaceum","KU221213.1 Didemnum membranaceum voucher UF_1389 cytochrome oxidase subunit I (COI) gene partial cds mitochondrial",0.272
"DIME","Diplosoma simile","KU667282.1 Diplosoma simile voucher DBTIC93 cytochrome oxidase subunit I (COI) gene partial cds mitochondrial",0.267
"DIME","Diplosoma simile","KU667281.1 Diplosoma simile voucher DBTIC92 cytochrome oxidase subunit I (COI) gene partial cds mitochondrial",0.267
"DIME","Didemnum vexillum","MN071420.1 Didemnum vexillum isolate H27 cytochrome oxidase subunit I (COI) gene partial cds mitochondrial",0.266
"DIME","Didemnum vexillum","KM259617.1 Didemnum vexillum isolate clade B mitochondrion complete genome",0.264
"DIME","Didemnum vexillum","MN071419.1 Didemnum vexillum isolate H26 cytochrome oxidase subunit I (COI) gene partial cds mitochondrial",0.264
"DIME","Didemnum vexillum","EU742669.1 Didemnum vexillum voucher RMNH.UROCH.758 cytochrome oxidase 1 (COI) gene partial cds mitochondrial",0.264
"DIME","Didemnum vexillum","JF738062.1 Didemnum vexillum haplotype 10 cytochrome oxidase subunit I (COI) gene partial cds mitochondrial",0.264
"DIME","Didemnum vexillum","JQ663515.1 Didemnum vexillum haplotype 21 cytochrome oxidase subunit 1 (co1) gene partial cds mitochondrial",0.264
"DIME","Didemnum vexillum","JF738068.1 Didemnum vexillum haplotype 16 cytochrome oxidase subunit I (COI) gene partial cds mitochondrial",0.264
"DIME","Didemnum vexillum","JF738065.1 Didemnum vexillum haplotype 13 cytochrome oxidase subunit I (COI) gene partial cds mitochondrial",0.264
"DIME","Didemnum vexillum","EU742673.1 Didemnum vexillum voucher RMNH.UROCH.762 cytochrome oxidase 1 (COI) gene partial cds mitochondrial",0.264
"DIME","Didemnum vexillum","EU742672.1 Didemnum vexillum voucher RMNH.UROCH.761 cytochrome oxidase 1 (COI) gene partial cds mitochondrial",0.264
"DIME","Didemnum vexillum","EU742671.1 Didemnum vexillum voucher RMNH.UROCH.760 cytochrome oxidase 1 (COI) gene partial cds mitochondrial",0.264
"DIME","Didemnum vexillum","EU742670.1 Didemnum vexillum voucher RMNH.UROCH.759 cytochrome oxidase 1 (COI) gene partial cds mitochondrial",0.264
"DIME","Didemnum vexillum","EU742668.1 Didemnum vexillum voucher RMNH.UROCH.757 cytochrome oxidase 1 (COI) gene partial cds mitochondrial",0.264
"DIME","Didemnum vexillum","JF738061.1 Didemnum vexillum haplotype 9 cytochrome oxidase subunit I (COI) gene partial cds mitochondrial",0.264
"DIME","Didemnum vexillum","JQ663512.1 Didemnum vexillum haplotype 18 cytochrome oxidase subunit 1 (co1) gene partial cds mitochondrial",0.264
"DIME","Didemnum vexillum","JF738066.1 Didemnum vexillum haplotype 14 cytochrome oxidase subunit I (COI) gene partial cds mitochondrial",0.264
"DIME","Diplosoma spongiforme","KF309624.1 Diplosoma spongiforme isolate DS-DL cytochrome oxidase subunit I (COI) gene partial cds mitochondrial",0.264
"DIME","Trididemnum fetia","KU221206.1 Trididemnum fetia voucher UF_629 cytochrome oxidase subunit I (COI) gene partial cds mitochondrial",0.264
"DIME","Diplosoma listerianum","KF791898.1 Diplosoma listerianum haplotype 32 cytochrome oxidase subunit I (COI) gene partial cds mitochondrial",0.262
"DIME","Lissoclinum vareau","KU221205.1 Lissoclinum vareau voucher UF_606 cytochrome oxidase subunit I (COI) gene partial cds mitochondrial",0.261
"DIME","Diplosoma listerianum","MW446047.1 Diplosoma listerianum haplotype haplotype 63 cytochrome c oxidase subunit I (COX1) gene partial cds mitochondrial",0.26
"DIME","Diplosoma listerianum","MW446046.1 Diplosoma listerianum haplotype haplotype 62 cytochrome c oxidase subunit I (COX1) gene partial cds mitochondrial",0.26
"DIME","Lissoclinum verrilli","JX099361.1 Lissoclinum verrilli clone ZPLV cytochrome c oxidase subunit I (COI) gene partial cds mitochondrial",0.26
"DIME","Diplosoma listerianum","KF791899.1 Diplosoma listerianum haplotype 33 cytochrome oxidase subunit I (COI) gene partial cds mitochondrial",0.259
"DIME","Lissoclinum patella","KJ596322.1 Lissoclinum patella isolate L5 mitochondrion partial genome",0.259
"DIME","Lissoclinum patella","KJ596323.1 Lissoclinum patella isolate L6 mitochondrion partial genome",0.259
"DIME","Lissoclinum fragile","KM924170.1 Lissoclinum fragile isolate GAPB11 cytochrome oxidase subunit I gene partial cds mitochondrial",0.258
"DIME","Lissoclinum fragile","KP842726.1 UNVERIFIED: Lissoclinum fragile cytochrome oxidase subunit I-like gene partial sequence mitochondrial",0.258
"DIME","Diplosoma listerianum","MW446032.1 Diplosoma listerianum haplotype haplotype 48 cytochrome c oxidase subunit I (COX1) gene partial cds mitochondrial",0.257
"DIME","Diplosoma listerianum","MW446031.1 Diplosoma listerianum haplotype haplotype 47 cytochrome c oxidase subunit I (COX1) gene partial cds mitochondrial",0.257
"DIME","Diplosoma simile","KJ725153.1 Diplosoma simile isolate GAASC2 cytochrome c oxidase subunit 1 (COI) gene partial cds mitochondrial",0.257
"DIME","Lissoclinum bistratum","MN586607.1 Lissoclinum bistratum isolate LBY5 cytochrome oxidase subunit 1 gene partial cds mitochondrial",0.257
"DIME","Lissoclinum bistratum","MN586602.1 Lissoclinum bistratum isolate LBJ1 cytochrome oxidase subunit 1 gene partial cds mitochondrial",0.257
"DIME","Didemnum ligulum","KU221210.1 Didemnum ligulum voucher ColBIO TL796 cytochrome oxidase subunit I (COI) gene partial cds mitochondrial",0.253
"DIME","Didemnum granulatum","JQ780687.1 Didemnum granulatum haplotype HAP20 cytochrome oxidase subunit I (COI) gene partial cds mitochondrial",0.251
"DIME","Didemnum granulatum","JQ780681.1 Didemnum granulatum haplotype HAP14 cytochrome oxidase subunit I (COI) gene partial cds mitochondrial",0.251
"DIME","Didemnum granulatum","JQ780682.1 Didemnum granulatum haplotype HAP15 cytochrome oxidase subunit I (COI) gene partial cds mitochondrial",0.251
"DIME","Didemnum granulatum","JQ780686.1 Didemnum granulatum haplotype HAP19 cytochrome oxidase subunit I (COI) gene partial cds mitochondrial",0.251
"DIME","Didemnum granulatum","JQ780680.1 Didemnum granulatum haplotype HAP13 cytochrome oxidase subunit I (COI) gene partial cds mitochondrial",0.251
"DIME","Diplosoma listerianum","MW446030.1 Diplosoma listerianum haplotype haplotype 46 cytochrome c oxidase subunit I (COX1) gene partial cds mitochondrial",0.251
"DIME","Diplosoma listerianum","MW446029.1 Diplosoma listerianum haplotype haplotype 45 cytochrome c oxidase subunit I (COX1) gene partial cds mitochondrial",0.251
"DIME","Diplosoma listerianum","KF791879.1 Diplosoma listerianum haplotype 13 cytochrome oxidase subunit I (COI) gene partial cds mitochondrial",0.25
"DIME","Diplosoma listerianum","KF791877.1 Diplosoma listerianum haplotype 11 cytochrome oxidase subunit I (COI) gene partial cds mitochondrial",0.25
"DIME","Diplosoma listerianum","KY235560.1 Diplosoma listerianum isolate SCB12S-2 cytochrome oxidase subunit I (COI) gene partial cds mitochondrial",0.25
"DIME","Diplosoma listerianum","MW446028.1 Diplosoma listerianum haplotype haplotype 44 cytochrome c oxidase subunit I (COX1) gene partial cds mitochondrial",0.248
"DIME","Didemnum vexillum","JF738067.1 Didemnum vexillum haplotype 15 cytochrome oxidase subunit I (COI) gene partial cds mitochondrial",0.244
"DIME","Didemnum albidum","EU419456.1 Didemnum albidum voucher RMNH UROCH 751 cytochrome oxidase subunit I (COI) gene partial cds mitochondrial",0.243
"DIME","Didemnum patulum","JQ731737.1 Didemnum patulum haplotype 2 cytochrome oxidase subunit I (COI) gene partial cds mitochondrial",0.243
"DIME","Didemnum patulum","JQ731736.1 Didemnum patulum haplotype 1 cytochrome oxidase subunit I (COI) gene partial cds mitochondrial",0.243
"DIME","Didemnum patulum","JQ731739.1 Didemnum patulum haplotype 6 cytochrome oxidase subunit I (COI) gene partial cds mitochondrial",0.243
"DIME","Didemnum patulum","JQ731738.1 Didemnum patulum haplotype 4 cytochrome oxidase subunit I (COI) gene partial cds mitochondrial",0.243
"DIME","Trididemnum cyanophorum","JF506187.1 Trididemnum cyanophorum clone 30May08-2-1 cytochrome c oxidase subunit I (COI) gene partial cds mitochondrial",0.242
"DIME","Trididemnum cyanophorum","KJ632947.1 Trididemnum cyanophorum strain MH-JMC3 cytochrome c oxidase subunit I (COI) gene partial cds mitochondrial",0.242
"DIME","Diplosoma listerianum","MW446045.1 Diplosoma listerianum haplotype haplotype 61 cytochrome c oxidase subunit I (COX1) gene partial cds mitochondrial",0.241
"DIME","Didemnum albidum","KJ725159.1 Didemnum albidum isolate GAASC8 cytochrome c oxidase subunit 1 (COI) gene partial cds mitochondrial",0.24
"DIME","Didemnum pseudovexillum","KF309622.1 Didemnum pseudovexillum isolate DS-4 cytochrome oxidase subunit I (COI) gene partial cds mitochondrial",0.24
"DIME","Didemnum pseudovexillum","OM909165.1 Didemnum pseudovexillum voucher SZN_B_1902ASC22A cytochrome c oxidase subunit I (COX1) gene partial cds mitochondrial",0.24
"DIME","Didemnum pseudovexillum","MN952978.1 Didemnum pseudovexillum voucher Colony_1-8 cytochrome c oxidase subunit I (COX1) gene partial cds mitochondrial",0.24
"DIME","Diplosoma listerianum","KY235559.1 Diplosoma listerianum isolate MM5-1 cytochrome oxidase subunit I (COI) gene partial cds mitochondrial",0.24
"DIME","Diplosoma listerianum","KF791873.1 Diplosoma listerianum haplotype 7 cytochrome oxidase subunit I (COI) gene partial cds mitochondrial",0.24
"DIME","Diplosoma listerianum","KY235552.1 Diplosoma listerianum isolate AB3MB cytochrome oxidase subunit I (COI) gene partial cds mitochondrial",0.24
"DIME","Diplosoma spongiforme","AY600972.1 Diplosoma spongiforme cytochrome c oxidase subunit I (COI) gene partial cds mitochondrial",0.24
"DIME","Didemnum granulatum","JQ780678.1 Didemnum granulatum haplotype HAP11 cytochrome oxidase subunit I (COI) gene partial cds mitochondrial",0.239
"DIME","Diplosoma listerianum","KF791893.1 Diplosoma listerianum haplotype 27 cytochrome oxidase subunit I (COI) gene partial cds mitochondrial",0.239
"DIME","Diplosoma listerianum","KF791892.1 Diplosoma listerianum haplotype 26 cytochrome oxidase subunit I (COI) gene partial cds mitochondrial",0.239
"DIME","Diplosoma listerianum","KM924168.1 Diplosoma listerianum isolate GAPB9 cytochrome oxidase subunit I gene partial cds mitochondrial",0.238
"DIME","Diplosoma listerianum","KF309561.1 Diplosoma listerianum isolate CF-2 cytochrome oxidase subunit I (COI) gene partial cds mitochondrial",0.237
"DIME","Diplosoma listerianum","KF791906.1 Diplosoma listerianum haplotype 40 cytochrome oxidase subunit I (COI) gene partial cds mitochondrial",0.237
"DIME","Diplosoma listerianum","KF791900.1 Diplosoma listerianum haplotype 34 cytochrome oxidase subunit I (COI) gene partial cds mitochondrial",0.237
"DIME","Diplosoma listerianum","KF791903.1 Diplosoma listerianum haplotype 37 cytochrome oxidase subunit I (COI) gene partial cds mitochondrial",0.237
"DIME","Diplosoma listerianum","KF791901.1 Diplosoma listerianum haplotype 35 cytochrome oxidase subunit I (COI) gene partial cds mitochondrial",0.237
"DIME","Diplosoma listerianum","KF791908.1 Diplosoma listerianum haplotype 42 cytochrome oxidase subunit I (COI) gene partial cds mitochondrial",0.237
"DIME","Diplosoma listerianum","KF309639.1 Diplosoma listerianum isolate ROS-DL cytochrome oxidase subunit I (COI) gene partial cds mitochondrial",0.237
"DIME","Diplosoma listerianum","KF309616.1 Diplosoma listerianum isolate PB-5 cytochrome oxidase subunit I (COI) gene partial cds mitochondrial",0.237
"DIME","Diplosoma listerianum","KF309581.1 Diplosoma listerianum isolate EST-DL cytochrome oxidase subunit I (COI) gene partial cds mitochondrial",0.237
"DIME","Diplosoma listerianum","KF309531.1 Diplosoma listerianum isolate AB-DA cytochrome oxidase subunit I (COI) gene partial cds mitochondrial",0.237
"DIME","Diplosoma listerianum","KF791905.1 Diplosoma listerianum haplotype 39 cytochrome oxidase subunit I (COI) gene partial cds mitochondrial",0.237
"DIME","Diplosoma listerianum","KY235563.1 Diplosoma listerianum isolate SB cytochrome oxidase subunit I (COI) gene partial cds mitochondrial",0.237
"DIME","Diplosoma listerianum","MW872295.1 Diplosoma listerianum voucher 22nd_St_2 cytochrome c oxidase subunit I (COX1) gene partial cds mitochondrial",0.237
"DIME","Diplosoma listerianum","FN313539.1 Diplosoma listerianum complete mitochondrial genome",0.237
"DIME","Diplosoma listerianum","KF791870.1 Diplosoma listerianum haplotype 4 cytochrome oxidase subunit I (COI) gene partial cds mitochondrial",0.237
"DIME","Diplosoma listerianum","KY235561.1 Diplosoma listerianum isolate U5R cytochrome oxidase subunit I (COI) gene partial cds mitochondrial",0.237
"DIME","Diplosoma listerianum","KY235562.1 Diplosoma listerianum isolate U5SB-1 cytochrome oxidase subunit I (COI) gene partial cds mitochondrial",0.237
"DIME","Diplosoma listerianum","KU299766.1 Diplosoma listerianum isolate C101 cytochrome oxidase subunit I gene partial cds mitochondrial",0.237
"DIME","Diplosoma listerianum","MW872288.1 Diplosoma listerianum voucher 22nd_St_1 cytochrome c oxidase subunit I (COX1) gene partial cds mitochondrial",0.237
"DIME","Diplosoma listerianum","MW872296.1 Diplosoma listerianum voucher 22nd_St_3 cytochrome c oxidase subunit I (COX1) gene partial cds mitochondrial",0.237
"DIME","Diplosoma listerianum","MH339615.1 Diplosoma listerianum isolate WT5NS cytochrome oxidase subunit I (COI) gene partial cds mitochondrial",0.237
"DIME","Diplosoma listerianum","KY235565.1 Diplosoma listerianum isolate SB1 cytochrome oxidase subunit I (COI) gene partial cds mitochondrial",0.237
"DIME","Diplosoma translucidum","KX650798.1 Diplosoma translucidum voucher DBTIC178 cytochrome oxidase subunit I (COI) gene partial cds mitochondrial",0.237
"DIME","Lissoclinum abdominale","MH258875.1 Lissoclinum abdominale isolate As_91 cytochrome oxidase subunit I gene partial cds mitochondrial",0.237
"DIME","Didemnum cuculliferum","KU221219.1 Didemnum cuculliferum voucher UF_724 cytochrome oxidase subunit I (COI) gene partial cds mitochondrial",0.236
"DIME","Didemnum cuculliferum","KU221199.1 Didemnum cuculliferum voucher UF_676 cytochrome oxidase subunit I (COI) gene partial cds mitochondrial",0.236
"DIME","Didemnum granulatum","JQ780684.1 Didemnum granulatum haplotype HAP17 cytochrome oxidase subunit I (COI) gene partial cds mitochondrial",0.236
"DIME","Didemnum granulatum","JQ780683.1 Didemnum granulatum haplotype HAP16 cytochrome oxidase subunit I (COI) gene partial cds mitochondrial",0.236
"DIME","Didemnum incanum","JQ692627.1 Didemnum incanum haplotype 3 cytochrome oxidase subunit I (COI) gene partial cds mitochondrial",0.236
"DIME","Didemnum incanum","JQ692628.1 Didemnum incanum haplotype 5 cytochrome oxidase subunit I (COI) gene partial cds mitochondrial",0.236
"DIME","Didemnum spadix","KU667268.1 Didemnum spadix voucher DBTIC78 cytochrome oxidase subunit I (COI) gene partial cds mitochondrial",0.235
"DIME","Didemnum spadix","KU667267.1 Didemnum spadix voucher DBTIC77 cytochrome oxidase subunit I (COI) gene partial cds mitochondrial",0.235
"DIME","Diplosoma listerianum","MW446035.1 Diplosoma listerianum haplotype haplotype 51 cytochrome c oxidase subunit I (COX1) gene partial cds mitochondrial",0.234
"DIME","Diplosoma listerianum","MW285141.1 Diplosoma listerianum isolate Bradenton_Beach_FL cytochrome c oxidase subunit I (COX1) gene partial cds mitochondrial",0.234
"DIME","Lissoclinum patella","MN586613.1 Lissoclinum patella isolate LPK6 cytochrome oxidase subunit 1 gene partial cds mitochondrial",0.232
"DIME","Lissoclinum patella","MN586615.1 Lissoclinum patella isolate LPK8 cytochrome oxidase subunit 1 gene partial cds mitochondrial",0.232
"DIME","Lissoclinum patella","MN586614.1 Lissoclinum patella isolate LPK7 cytochrome oxidase subunit 1 gene partial cds mitochondrial",0.232
"DIME","Didemnum granulatum","JQ780688.1 Didemnum granulatum haplotype HAP21 cytochrome oxidase subunit I (COI) gene partial cds mitochondrial",0.231
"DIME","Didemnum granulatum","JQ780685.1 Didemnum granulatum haplotype HAP18 cytochrome oxidase subunit I (COI) gene partial cds mitochondrial",0.231
"DIME","Didemnum psammatodes","KU221189.1 Didemnum psammatodes voucher ColBIO TL_27 cytochrome oxidase subunit I (COI) gene partial cds mitochondrial",0.231
"DIME","Didemnum albidum","MZ580852.1 Didemnum albidum voucher USNM:IZ:1524119 cytochrome c oxidase subunit I (COX1) gene partial cds mitochondrial",0.23
"DIME","Didemnum fragile","KU221209.1 Didemnum fragile voucher UF_746 cytochrome oxidase subunit I (COI) gene partial cds mitochondrial",0.23
"DIME","Didemnum fragile","KU221201.1 Didemnum fragile voucher UF_839 cytochrome oxidase subunit I (COI) gene partial cds mitochondrial",0.23
"DIME","Didemnum lutarium","KY111418.1 Didemnum lutarium isolate 17Jul14-1-4 cytochrome oxidase subunit I (COI) gene partial cds mitochondrial",0.23
"DIME","Didemnum vexillum","JF738069.1 Didemnum vexillum haplotype 17 cytochrome oxidase subunit I (COI) gene partial cds mitochondrial",0.23
"DIME","Lissoclinum weigelei","OM925460.1 Lissoclinum weigelei voucher SZN_B_3177ASC49F cytochrome c oxidase subunit I (COX1) gene partial cds mitochondrial",0.23
"DIME","Lissoclinum weigelei","OM925459.1 Lissoclinum weigelei voucher SZN_B_3176ASC49E cytochrome c oxidase subunit I (COX1) gene partial cds mitochondrial",0.23
"DIME","Lissoclinum weigelei","OM925458.1 Lissoclinum weigelei voucher SZN_B_3175ASC49D cytochrome c oxidase subunit I (COX1) gene partial cds mitochondrial",0.23
"DIME","Lissoclinum weigelei","OM925457.1 Lissoclinum weigelei voucher SZN_B_3174ASC49C cytochrome c oxidase subunit I (COX1) gene partial cds mitochondrial",0.23
"DIME","Lissoclinum weigelei","OM925456.1 Lissoclinum weigelei voucher SZN_B_3173ASC49B cytochrome c oxidase subunit I (COX1) gene partial cds mitochondrial",0.23
"DIME","Lissoclinum weigelei","OM925455.1 Lissoclinum weigelei voucher SZN_B_3172ASC49A cytochrome c oxidase subunit I (COX1) gene partial cds mitochondrial",0.23
"DIME","Trididemnum maragogi","KR604728.1 Trididemnum maragogi voucher ColBIO TL438 cytochrome oxidase subunit I (COI) gene partial cds mitochondrial",0.23
"DIME","Diplosoma listerianum","KU221221.1 Diplosoma listerianum voucher UF_649 cytochrome oxidase subunit I (COI) gene partial cds mitochondrial",0.229
"DIME","Didemnum psammatodes","MT637951.1 Didemnum psammatodes isolate 11Mar19-1-5 cytochrome oxidase subunit I (COI) gene partial cds mitochondrial",0.228
"DIME","Diplosoma listerianum","MW446056.1 Diplosoma listerianum haplotype haplotype 72 cytochrome c oxidase subunit I (COX1) gene partial cds mitochondrial",0.227
"DIME","Lissoclinum abdominale","KY741542.1 Lissoclinum abdominale voucher ICBT17_02 cytochrome oxidase subunit I (COI) gene partial cds mitochondrial",0.226
"DIME","Diplosoma listerianum","KF791876.1 Diplosoma listerianum haplotype 10 cytochrome oxidase subunit I (COI) gene partial cds mitochondrial",0.224
"DIME","Diplosoma spongiforme","KJ725166.1 Diplosoma spongiforme isolate GAASC15 cytochrome c oxidase subunit 1 (COI) gene partial cds mitochondrial",0.224
"DIME","Didemnum conchyliatum","MT637984.1 Didemnum conchyliatum isolate 11Mar19-2-28 cytochrome oxidase subunit I (COI) gene partial cds mitochondrial",0.223
"DIME","Diplosoma multifidum","KX650796.1 Diplosoma multifidum voucher DBTIC176 cytochrome oxidase subunit I (COI) gene partial cds mitochondrial",0.223
"DIME","Didemnum granulatum","JQ780670.1 Didemnum granulatum haplotype HAP03 cytochrome oxidase subunit I (COI) gene partial cds mitochondrial",0.222
"DIME","Didemnum incanum","JQ692626.1 Didemnum incanum haplotype 8 cytochrome oxidase subunit I (COI) gene partial cds mitochondrial",0.221
"DIME","Lissoclinum bistratum","MN586608.1 Lissoclinum bistratum isolate LBY6 cytochrome oxidase subunit 1 gene partial cds mitochondrial",0.221
"DIME","Lissoclinum bistratum","MN586605.1 Lissoclinum bistratum isolate LBY1 cytochrome oxidase subunit 1 gene partial cds mitochondrial",0.221
"DIME","Lissoclinum bistratum","MN586606.1 Lissoclinum bistratum isolate LBY3 cytochrome oxidase subunit 1 gene partial cds mitochondrial",0.221
"DIME","Lissoclinum bistratum","MN586601.1 Lissoclinum bistratum isolate A41 cytochrome oxidase subunit 1 gene partial cds mitochondrial",0.221
"DIME","Lissoclinum bistratum","MN586604.1 Lissoclinum bistratum isolate LBJ5 cytochrome oxidase subunit 1 gene partial cds mitochondrial",0.221
"DIME","Lissoclinum bistratum","MN586603.1 Lissoclinum bistratum isolate LBJ3 cytochrome oxidase subunit 1 gene partial cds mitochondrial",0.221
"DIME","Didemnum albidum","KM924166.1 Didemnum albidum isolate GAPB7 cytochrome oxidase subunit I gene partial cds mitochondrial",0.22
"DIME","Lissoclinum patella","KJ009370.1 Lissoclinum patella isolate 07-103 cytochrome oxidase subunit I (coxI) gene partial cds mitochondrial",0.219
"DIME","Didemnum granulatum","KU221191.1 Didemnum granulatum voucher ColBIO TL_686 cytochrome oxidase subunit I (COI) gene partial cds mitochondrial",0.218
"DIME","Didemnum granulatum","KU221190.1 Didemnum granulatum voucher ColBIO TL_671 cytochrome oxidase subunit I (COI) gene partial cds mitochondrial",0.218
"DIME","Diplosoma listerianum","KY235566.1 Diplosoma listerianum isolate SB4 cytochrome oxidase subunit I (COI) gene partial cds mitochondrial",0.218
"DIME","Didemnum conchyliatum","MH258857.1 Didemnum conchyliatum isolate As_94R cytochrome oxidase subunit I gene partial cds mitochondrial",0.217
"DIME","Didemnum conchyliatum","MH258858.1 Didemnum conchyliatum isolate As_101 cytochrome oxidase subunit I gene partial cds mitochondrial",0.217
"DIME","Didemnum pseudovexillum","KF309573.1 Didemnum pseudovexillum isolate ESC-10 cytochrome oxidase subunit I (COI) gene partial cds mitochondrial",0.217
"DIME","Diplosoma listerianum","KU667254.1 Diplosoma listerianum voucher DBTIC64 cytochrome oxidase subunit I (COI) gene partial cds mitochondrial",0.216
"DIME","Diplosoma listerianum","KU667253.1 Diplosoma listerianum voucher DBTIC63 cytochrome oxidase subunit I (COI) gene partial cds mitochondrial",0.216
"DIME","Diplosoma listerianum","KU715282.1 Diplosoma listerianum voucher DBTIC98 cytochrome oxidase subunit I (COI) gene partial cds mitochondrial",0.216
"DIME","Diplosoma listerianum","KX138494.1 Diplosoma listerianum voucher DBTIC121 cytochrome oxidase subunit I (COI) gene partial cds mitochondrial",0.216
"DIME","Diplosoma listerianum","MT511663.1 Diplosoma listerianum voucher DBT01 cytochrome c oxidase subunit I (COX1) gene partial cds mitochondrial",0.216
"DIME","Diplosoma listerianum","KT276226.1 Diplosoma listerianum voucher DBTIC46 cytochrome c oxidase subunit I (COI) gene partial cds mitochondrial",0.216
"DIME","Diplosoma listerianum","KX138496.1 Diplosoma listerianum voucher DBTIC123 cytochrome oxidase subunit I (COI) gene partial cds mitochondrial",0.216
"DIME","Diplosoma listerianum","KU715281.1 Diplosoma listerianum voucher DBTIC97 cytochrome oxidase subunit I (COI) gene partial cds mitochondrial",0.216
"DIME","Diplosoma listerianum","KX138493.1 Diplosoma listerianum voucher DBTIC120 cytochrome oxidase subunit I (COI) gene partial cds mitochondrial",0.216
"DIME","Diplosoma listerianum","MW446036.1 Diplosoma listerianum haplotype haplotype 52 cytochrome c oxidase subunit I (COX1) gene partial cds mitochondrial",0.216
"DIME","Diplosoma listerianum","MW446033.1 Diplosoma listerianum haplotype haplotype 49 cytochrome c oxidase subunit I (COX1) gene partial cds mitochondrial",0.216
"DIME","Diplosoma listerianum","MW446059.1 Diplosoma listerianum haplotype haplotype 75 cytochrome c oxidase subunit I (COX1) gene partial cds mitochondrial",0.216
"DIME","Diplosoma listerianum","MW285101.1 Diplosoma listerianum isolate Bradenton_Beach_FL_9 cytochrome c oxidase subunit I (COX1) gene partial cds mitochondrial",0.216
"DIME","Diplosoma listerianum","MW446034.1 Diplosoma listerianum haplotype haplotype 50 cytochrome c oxidase subunit I (COX1) gene partial cds mitochondrial",0.216
"DIME","Diplosoma listerianum","KU667252.1 Diplosoma listerianum voucher DBTIC62 cytochrome oxidase subunit I (COI) gene partial cds mitochondrial",0.216
"DIME","Diplosoma listerianum","MW446051.1 Diplosoma listerianum haplotype haplotype 67 cytochrome c oxidase subunit I (COX1) gene partial cds mitochondrial",0.216
"DIME","Diplosoma listerianum","KX650795.1 Diplosoma listerianum voucher DBTIC175 cytochrome oxidase subunit I (COI) gene partial cds mitochondrial",0.216
"DIME","Diplosoma listerianum","KX138495.1 Diplosoma listerianum voucher DBTIC122 cytochrome oxidase subunit I (COI) gene partial cds mitochondrial",0.216
"DIME","Diplosoma listerianum","MW285102.1 Diplosoma listerianum isolate St._Petersburg_FL_10 cytochrome c oxidase subunit I (COX1) gene partial cds mitochondrial",0.216
"DIME","Diplosoma listerianum","KT276227.1 Diplosoma listerianum voucher DBTIC47 cytochrome c oxidase subunit I (COI) gene partial cds mitochondrial",0.216
"DIME","Diplosoma listerianum","KX650794.1 Diplosoma listerianum voucher DBTIC174 cytochrome oxidase subunit I (COI) gene partial cds mitochondrial",0.216
"DIME","Diplosoma listerianum","MW285104.1 Diplosoma listerianum isolate Bradenton_Beach_FL_12 cytochrome c oxidase subunit I (COX1) gene partial cds mitochondrial",0.216
"DIME","Diplosoma listerianum","MW446052.1 Diplosoma listerianum haplotype haplotype 68 cytochrome c oxidase subunit I (COX1) gene partial cds mitochondrial",0.216
"DIME","Diplosoma listerianum","KF791890.1 Diplosoma listerianum haplotype 24 cytochrome oxidase subunit I (COI) gene partial cds mitochondrial",0.216
"DIME","Diplosoma listerianum","KF791891.1 Diplosoma listerianum haplotype 25 cytochrome oxidase subunit I (COI) gene partial cds mitochondrial",0.216
"DIME","Diplosoma listerianum","KU667255.1 Diplosoma listerianum voucher DBTIC65 cytochrome oxidase subunit I (COI) gene partial cds mitochondrial",0.216
"DIME","Lissoclinum timorense","MN586620.1 Lissoclinum timorense isolate A100 cytochrome oxidase subunit 1 gene partial cds mitochondrial",0.216
"DIME","Lissoclinum timorense","MN586619.1 Lissoclinum timorense isolate A42 cytochrome oxidase subunit 1 gene partial cds mitochondrial",0.216
"DIME","Lissoclinum timorense","MN586623.1 Lissoclinum timorense isolate T3 cytochrome oxidase subunit 1 gene partial cds mitochondrial",0.216
"DIME","Lissoclinum timorense","MN586622.1 Lissoclinum timorense isolate T2 cytochrome oxidase subunit 1 gene partial cds mitochondrial",0.216
"DIME","Lissoclinum timorense","MN586621.1 Lissoclinum timorense isolate T1 cytochrome oxidase subunit 1 gene partial cds mitochondrial",0.216
"DIME","Lissoclinum patella","KJ009371.1 Lissoclinum patella isolate 03-005 cytochrome oxidase subunit I (coxI) gene partial cds mitochondrial",0.215
"DIME","Lissoclinum patella","KJ009373.1 Lissoclinum patella isolate 07-005 cytochrome oxidase subunit I (coxI) gene partial cds mitochondrial",0.215
"DIME","Lissoclinum patella","KJ009372.1 Lissoclinum patella isolate 07-002B cytochrome oxidase subunit I (coxI) gene partial cds mitochondrial",0.215
"DIME","Diplosoma listerianum","KX138492.1 Diplosoma listerianum voucher DBTIC119 cytochrome oxidase subunit I (COI) gene partial cds mitochondrial",0.212
"DIME","Trididemnum cristatum","MH844685.1 Trididemnum cristatum voucher ASC 51 cytochrome c oxidase subunit I (COI) gene partial cds mitochondrial",0.211
"DIME","Trididemnum cristatum","MH844684.1 Trididemnum cristatum voucher ASC 52 cytochrome c oxidase subunit I (COI) gene partial cds mitochondrial",0.211
"DIME","Trididemnum cristatum","KU360803.1 Trididemnum cristatum isolate ASC18 cytochrome oxidase subunit I-like (COI) gene partial sequence mitochondrial",0.211
"DIME","Trididemnum cristatum","KR822676.1 Trididemnum cristatum voucher DBTIC 37 cytochrome oxidase subunit I (COI) gene partial cds mitochondrial",0.211
"DIME","Trididemnum maragogi","KU221183.1 Trididemnum maragogi voucher ColBIO TL_234 cytochrome oxidase subunit I (COI) gene partial cds mitochondrial",0.211
"DIME","Lissoclinum perforatum","OM913533.1 Lissoclinum perforatum voucher SZN_B_3171ASC48F cytochrome c oxidase subunit I (COX1) gene partial cds mitochondrial",0.206
"DIME","Lissoclinum perforatum","OM913532.1 Lissoclinum perforatum voucher SZN_B_3170ASC48E cytochrome c oxidase subunit I (COX1) gene partial cds mitochondrial",0.206
"DIME","Lissoclinum perforatum","OM913531.1 Lissoclinum perforatum voucher SZN_B_3169ASC48D cytochrome c oxidase subunit I (COX1) gene partial cds mitochondrial",0.206
"DIME","Lissoclinum perforatum","OM913529.1 Lissoclinum perforatum voucher SZN_B_3167ASC48B cytochrome c oxidase subunit I (COX1) gene partial cds mitochondrial",0.206
"DIME","Lissoclinum perforatum","OM913530.1 Lissoclinum perforatum voucher SZN_B_3168ASC48C cytochrome c oxidase subunit I (COX1) gene partial cds mitochondrial",0.206
"DIME","Lissoclinum perforatum","OM913528.1 Lissoclinum perforatum voucher SZN_B_3166ASC48A cytochrome c oxidase subunit I (COX1) gene partial cds mitochondrial",0.206
"DIME","Lissoclinum perforatum","KU299768.1 Lissoclinum perforatum isolate C111R cytochrome oxidase subunit I gene partial cds mitochondrial",0.206
"DIME","Lissoclinum perforatum","MH339616.1 Lissoclinum perforatum isolate WT1NS cytochrome oxidase subunit I (COI) gene partial cds mitochondrial",0.206
"DIME","Trididemnum solidum","JF506186.1 Trididemnum solidum clone 9Jun08-2-1 cytochrome c oxidase subunit I (COI) gene partial cds mitochondrial",0.206
"DIME","Lissoclinum patella","KJ009367.1 Lissoclinum patella isolate 05-044 cytochrome oxidase subunit I (coxI) gene partial cds mitochondrial",0.205
"DIME","Lissoclinum patella","KJ009366.1 Lissoclinum patella isolate 05-027 cytochrome oxidase subunit I (coxI) gene partial cds mitochondrial",0.205
"DIME","Lissoclinum patella","KJ009365.1 Lissoclinum patella isolate 05-039 cytochrome oxidase subunit I (coxI) gene partial cds mitochondrial",0.205
"DIME","Lissoclinum patella","KJ009364.1 Lissoclinum patella isolate 05-033 cytochrome oxidase subunit I (coxI) gene partial cds mitochondrial",0.205
"DIME","Lissoclinum patella","KJ009374.1 Lissoclinum patella isolate 07-110 cytochrome oxidase subunit I (coxI) gene partial cds mitochondrial",0.202
"DIME","Trididemnum pigmentatum","KU221224.1 Trididemnum pigmentatum voucher UF_696 cytochrome oxidase subunit I (COI) gene partial cds mitochondrial",0.202
"DIME","Didemnum conchyliatum","MH258859.1 Didemnum conchyliatum isolate As_108 cytochrome oxidase subunit I gene partial cds mitochondrial",0.201
"DIME","Didemnum sordidum","KU221208.1 Didemnum sordidum voucher UF_734 cytochrome oxidase subunit I (COI) gene partial cds mitochondrial",0.201
"DIME","Didemnum sordidum","KU221197.1 Didemnum sordidum voucher UF_612 cytochrome oxidase subunit I (COI) gene partial cds mitochondrial",0.201
"DIME","Didemnum sordidum","KU221195.1 Didemnum sordidum voucher UF_597 cytochrome oxidase subunit I (COI) gene partial cds mitochondrial",0.201
"DIME","Diplosoma listerianum","KF309605.1 Diplosoma listerianum isolate MAT-DL cytochrome oxidase subunit I (COI) gene partial cds mitochondrial",0.201
"DIME","Diplosoma listerianum","KY235570.1 Diplosoma listerianum isolate SB8 cytochrome oxidase subunit I (COI) gene partial cds mitochondrial",0.2
"DIME","Diplosoma listerianum","KY235569.1 Diplosoma listerianum isolate SB7 cytochrome oxidase subunit I (COI) gene partial cds mitochondrial",0.2
"DIME","Diplosoma listerianum","KY235564.1 Diplosoma listerianum isolate SB10 cytochrome oxidase subunit I (COI) gene partial cds mitochondrial",0.2
"DIME","Diplosoma listerianum","KY235558.1 Diplosoma listerianum isolate KKBR-1 cytochrome oxidase subunit I (COI) gene partial cds mitochondrial",0.2
"DIME","Diplosoma listerianum","KY235549.1 Diplosoma listerianum isolate KKMB-1 cytochrome oxidase subunit I (COI) gene partial cds mitochondrial",0.2
"DIME","Lissoclinum fragile","KU865089.1 Lissoclinum fragile voucher DBTIC100 cytochrome c oxidase subunit I (CO1) gene partial cds mitochondrial",0.2
"DIME","Lissoclinum fragile","KU667258.1 Lissoclinum fragile voucher DBTIC68 cytochrome oxidase subunit I (COI) gene partial cds mitochondrial",0.2
"DIME","Lissoclinum fragile","MH782550.1 Lissoclinum fragile voucher ASC 95 cytochrome c oxidase subunit I (COI) gene partial cds mitochondrial",0.2
"DIME","Lissoclinum fragile","MH782549.1 Lissoclinum fragile voucher ASC 41 cytochrome c oxidase subunit I (COI) gene partial cds mitochondrial",0.2
"DIME","Lissoclinum fragile","MH782548.1 Lissoclinum fragile voucher ASC 40 cytochrome c oxidase subunit I (COI) gene partial cds mitochondrial",0.2
"DIME","Lissoclinum fragile","KM411611.1 Lissoclinum fragile voucher DBTIC26 cytochrome oxidase subunit I (COI) gene partial cds mitochondrial",0.2
"DIME","Lissoclinum fragile","KX138473.1 Lissoclinum fragile voucher DBTIC100 cytochrome oxidase subunit I (COI) gene partial cds mitochondrial",0.2
"DIME","Lissoclinum fragile","MN215879.1 Lissoclinum fragile isolate JD732 cytochrome oxidase subunit 1 gene partial cds mitochondrial",0.2
"DIME","Lissoclinum fragile","MT637953.1 Lissoclinum fragile isolate 11Mar19-1-3 cytochrome oxidase subunit I (COI) gene partial cds mitochondrial",0.2
"DIME","Lissoclinum fragile","MW285108.1 Lissoclinum fragile isolate Bradenton_Beach_FL_16 cytochrome c oxidase subunit I (COX1) gene partial cds mitochondrial",0.2
"DIME","Lissoclinum fragile","MN215881.1 Lissoclinum fragile isolate MDN437 cytochrome oxidase subunit 1 gene partial cds mitochondrial",0.2
"DIME","Lissoclinum fragile","MH795876.1 Lissoclinum fragile voucher ASC 96 cytochrome c oxidase subunit I (COI) gene partial cds mitochondrial",0.2
"DIME","Lissoclinum fragile","MH795875.1 Lissoclinum fragile voucher ASC 43 cytochrome c oxidase subunit I (COI) gene partial cds mitochondrial",0.2
"DIME","Lissoclinum fragile","MH795874.1 Lissoclinum fragile voucher ASC 42 cytochrome c oxidase subunit I (COI) gene partial cds mitochondrial",0.2
"DIME","Lissoclinum fragile","KR822674.1 Lissoclinum fragile voucher DBTIC 34 cytochrome oxidase subunit I (COI) gene partial cds mitochondrial",0.2
"DIME","Lissoclinum fragile","KU667256.1 Lissoclinum fragile voucher DBTIC66 cytochrome oxidase subunit I (COI) gene partial cds mitochondrial",0.2
"DIME","Lissoclinum fragile","KX138474.1 Lissoclinum fragile voucher DBTIC101 cytochrome oxidase subunit I (COI) gene partial cds mitochondrial",0.2
"DIME","Lissoclinum fragile","KX650799.1 Lissoclinum fragile voucher DBTIC179 cytochrome oxidase subunit I (COI) gene partial cds mitochondrial",0.2
"DIME","Lissoclinum fragile","MN306535.1 Lissoclinum fragile isolate A9 cytochrome c oxidase subunit I (COI) gene partial cds mitochondrial",0.2
"DIME","Lissoclinum fragile","MN215880.1 Lissoclinum fragile isolate MDN428 cytochrome oxidase subunit 1 gene partial cds mitochondrial",0.2
"DIME","Lissoclinum fragile","KM411612.1 Lissoclinum fragile voucher DBTIC24 cytochrome oxidase subunit I (COI) gene partial cds mitochondrial",0.2
"DIME","Lissoclinum fragile","KU667257.1 Lissoclinum fragile voucher DBTIC67 cytochrome oxidase subunit I (COI) gene partial cds mitochondrial",0.2
"DIME","Lissoclinum fragile","MN586609.1 Lissoclinum fragile isolate As92 cytochrome oxidase subunit 1 gene partial cds mitochondrial",0.2
"DIME","Lissoclinum fragile","MH814642.1 Lissoclinum fragile voucher ASC 99 cytochrome c oxidase subunit I (COI) gene partial cds mitochondrial",0.2
"DIME","Lissoclinum fragile","MH814641.1 Lissoclinum fragile voucher ASC 46 cytochrome c oxidase subunit I (COI) gene partial cds mitochondrial",0.2
"DIME","Lissoclinum fragile","MH814640.1 Lissoclinum fragile voucher ASC 45 cytochrome c oxidase subunit I (COI) gene partial cds mitochondrial",0.2
"DIME","Lissoclinum fragile","KJ725150.1 Lissoclinum fragile voucher ICBT.ASC006 cytochrome oxidase subunit I (COI) gene partial cds mitochondrial",0.2
"DIME","Lissoclinum patella","KX650802.1 Lissoclinum patella voucher DBTIC182 cytochrome oxidase subunit I (COI) gene partial cds mitochondrial",0.2
"DIME","Lissoclinum patella","KX650801.1 Lissoclinum patella voucher DBTIC181 cytochrome oxidase subunit I (COI) gene partial cds mitochondrial",0.2
"DIME","Lissoclinum patella","KX650800.1 Lissoclinum patella voucher DBTIC180 cytochrome oxidase subunit I (COI) gene partial cds mitochondrial",0.2
"DIME","Didemnum fulgens","KF309576.1 Didemnum fulgens isolate ESC-DF cytochrome oxidase subunit I (COI) gene partial cds mitochondrial",0.199
"DIME","Didemnum fulgens","JX846617.1 Didemnum fulgens cytochrome oxidase subunit I gene partial cds mitochondrial",0.199
"DIME","Didemnum membranaceum","KU221216.1 Didemnum membranaceum voucher UF_526 cytochrome oxidase subunit I (COI) gene partial cds mitochondrial",0.199
"DIME","Didemnum granulatum","JQ780669.1 Didemnum granulatum haplotype HAP02 cytochrome oxidase subunit I (COI) gene partial cds mitochondrial",0.198
"DIME","Didemnum granulatum","JQ780668.1 Didemnum granulatum haplotype HAP01 cytochrome oxidase subunit I (COI) gene partial cds mitochondrial",0.198
"DIME","Didemnum granulatum","JQ780672.1 Didemnum granulatum haplotype HAP05 cytochrome oxidase subunit I (COI) gene partial cds mitochondrial",0.198
"DIME","Didemnum granulatum","JQ780679.1 Didemnum granulatum haplotype HAP12 cytochrome oxidase subunit I (COI) gene partial cds mitochondrial",0.198
"DIME","Didemnum granulatum","JQ780677.1 Didemnum granulatum haplotype HAP10 cytochrome oxidase subunit I (COI) gene partial cds mitochondrial",0.198
"DIME","Didemnum granulatum","JQ780671.1 Didemnum granulatum haplotype HAP04 cytochrome oxidase subunit I (COI) gene partial cds mitochondrial",0.198
"DIME","Didemnum granulatum","JQ780675.1 Didemnum granulatum haplotype HAP08 cytochrome oxidase subunit I (COI) gene partial cds mitochondrial",0.198
"DIME","Didemnum granulatum","JQ780676.1 Didemnum granulatum haplotype HAP09 cytochrome oxidase subunit I (COI) gene partial cds mitochondrial",0.198
"DIME","Didemnum granulatum","JQ780674.1 Didemnum granulatum haplotype HAP07 cytochrome oxidase subunit I (COI) gene partial cds mitochondrial",0.198
"DIME","Diplosoma listerianum","KY235556.1 Diplosoma listerianum isolate FC1-3 cytochrome oxidase subunit I (COI) gene partial cds mitochondrial",0.197
"DIME","Diplosoma listerianum","KM924167.1 Diplosoma listerianum isolate GAPB8 cytochrome oxidase subunit I gene partial cds mitochondrial",0.197
"DIME","Diplosoma listerianum","KP842724.1 UNVERIFIED: Diplosoma listerianum cytochrome oxidase subunit I-like gene partial sequence mitochondrial",0.197
"DIME","Diplosoma listerianum","KF791880.1 Diplosoma listerianum haplotype 14 cytochrome oxidase subunit I (COI) gene partial cds mitochondrial",0.196
"DIME","Diplosoma listerianum","KF791909.1 Diplosoma listerianum haplotype 43 cytochrome oxidase subunit I (COI) gene partial cds mitochondrial",0.196
"DIME","Diplosoma listerianum","KF791881.1 Diplosoma listerianum haplotype 15 cytochrome oxidase subunit I (COI) gene partial cds mitochondrial",0.196
"DIME","Lissoclinum ravarava","KU221214.1 Lissoclinum ravarava voucher UF_1398 cytochrome oxidase subunit I (COI) gene partial cds mitochondrial",0.194
"DIME","Didemnum granulatum","JQ780673.1 Didemnum granulatum haplotype HAP06 cytochrome oxidase subunit I (COI) gene partial cds mitochondrial",0.192
"DIME","Didemnum apuroto","KU221212.1 Didemnum apuroto voucher UF_814 cytochrome oxidase subunit I (COI) gene partial cds mitochondrial",0.191
"DIME","Didemnum apuroto","KU221211.1 Didemnum apuroto voucher UF_813 cytochrome oxidase subunit I (COI) gene partial cds mitochondrial",0.191
"DIME","Didemnum vexillum","KJ725154.1 Didemnum vexillum isolate GAASC3 cytochrome c oxidase subunit 1 (COI) gene partial cds mitochondrial",0.188
"DIME","Lissoclinum fragile","KM924171.1 Lissoclinum fragile isolate GAPB12 cytochrome oxidase subunit I gene partial cds mitochondrial",0.188
"DIME","Diplosoma listerianum","KY235567.1 Diplosoma listerianum isolate SB5 cytochrome oxidase subunit I (COI) gene partial cds mitochondrial",0.187
"DIME","Diplosoma listerianum","KY235568.1 Diplosoma listerianum isolate SB6 cytochrome oxidase subunit I (COI) gene partial cds mitochondrial",0.187
"DIME","Diplosoma listerianum","KY235548.1 Diplosoma listerianum isolate KKBR-3 cytochrome oxidase subunit I (COI) gene partial cds mitochondrial",0.187
"DIME","Diplosoma listerianum","KY235550.1 Diplosoma listerianum isolate MM4-1 cytochrome oxidase subunit I (COI) gene partial cds mitochondrial",0.187
"DIME","Trididemnum cyanophorum","KJ725158.1 Trididemnum cyanophorum isolate GAASC7 cytochrome c oxidase subunit 1 (COI) gene partial cds mitochondrial",0.187
"DIME","Didemnum multispirale","KC017430.1 Didemnum multispirale cytochrome c oxidase subunit I (COX1) gene partial cds mitochondrial",0.186
"DIME","Didemnum conchyliatum","MH258860.1 Didemnum conchyliatum isolate As_111 cytochrome oxidase subunit I gene partial cds mitochondrial",0.184
"DIME","Didemnum vexillum","NC_026107.1 Didemnum vexillum isolate clade A mitochondrion complete genome",0.183
"DIME","Didemnum vexillum","KM259616.1 Didemnum vexillum isolate clade A mitochondrion complete genome",0.183
"DIME","Didemnum vexillum","MZ435262.1 Didemnum vexillum from New Zealand mitochondrion partial genome",0.183
"DIME","Didemnum vexillum","MN071417.1 Didemnum vexillum isolate H24 cytochrome oxidase subunit I (COI) gene partial cds mitochondrial",0.183
"DIME","Didemnum vexillum","MW425613.1 Didemnum vexillum voucher Dv-17-002 cytochrome c oxidase subunit I (COX1) gene partial cds mitochondrial",0.183
"DIME","Didemnum vexillum","MW425620.1 Didemnum vexillum voucher Dv-17-043 cytochrome c oxidase subunit I (COX1) gene partial cds mitochondrial",0.183
"DIME","Didemnum vexillum","MW425619.1 Didemnum vexillum voucher Dv-17-010 cytochrome c oxidase subunit I (COX1) gene partial cds mitochondrial",0.183
"DIME","Didemnum vexillum","MW425618.1 Didemnum vexillum voucher Dv-17-009 cytochrome c oxidase subunit I (COX1) gene partial cds mitochondrial",0.183
"DIME","Didemnum vexillum","MW425615.1 Didemnum vexillum voucher Dv-17-005 cytochrome c oxidase subunit I (COX1) gene partial cds mitochondrial",0.183
"DIME","Didemnum vexillum","MW425612.1 Didemnum vexillum voucher Dv-17-001 cytochrome c oxidase subunit I (COX1) gene partial cds mitochondrial",0.183
"DIME","Didemnum vexillum","MW425628.1 Didemnum vexillum voucher Dv-17-177 cytochrome c oxidase subunit I (COX1) gene partial cds mitochondrial",0.183
"DIME","Didemnum vexillum","MW425680.1 Didemnum vexillum voucher Dv-19-128 cytochrome c oxidase subunit I (COX1) gene partial cds mitochondrial",0.183
"DIME","Didemnum vexillum","MW425627.1 Didemnum vexillum voucher Dv-17-176 cytochrome c oxidase subunit I (COX1) gene partial cds mitochondrial",0.183
"DIME","Didemnum vexillum","MW425630.1 Didemnum vexillum voucher Dv-17-259 cytochrome c oxidase subunit I (COX1) gene partial cds mitochondrial",0.183
"DIME","Didemnum vexillum","MW425671.1 Didemnum vexillum voucher Dv-19-022 cytochrome c oxidase subunit I (COX1) gene partial cds mitochondrial",0.183
"DIME","Didemnum vexillum","MW425674.1 Didemnum vexillum voucher Dv-19-025 cytochrome c oxidase subunit I (COX1) gene partial cds mitochondrial",0.183
"DIME","Didemnum vexillum","MW425625.1 Didemnum vexillum voucher Dv-17-174 cytochrome c oxidase subunit I (COX1) gene partial cds mitochondrial",0.183
"DIME","Didemnum vexillum","MW425632.1 Didemnum vexillum voucher Dv-17-262 cytochrome c oxidase subunit I (COX1) gene partial cds mitochondrial",0.183
"DIME","Didemnum vexillum","MW425633.1 Didemnum vexillum voucher Dv-17-282 cytochrome c oxidase subunit I (COX1) gene partial cds mitochondrial",0.183
"DIME","Didemnum vexillum","MW425634.1 Didemnum vexillum voucher Dv-17-283 cytochrome c oxidase subunit I (COX1) gene partial cds mitochondrial",0.183
"DIME","Didemnum vexillum","MW425644.1 Didemnum vexillum voucher Dv-18-008 cytochrome c oxidase subunit I (COX1) gene partial cds mitochondrial",0.183
"DIME","Didemnum vexillum","MW425656.1 Didemnum vexillum voucher Dv-18-029 cytochrome c oxidase subunit I (COX1) gene partial cds mitochondrial",0.183
"DIME","Didemnum vexillum","MW425658.1 Didemnum vexillum voucher Dv-19-005 cytochrome c oxidase subunit I (COX1) gene partial cds mitochondrial",0.183
"DIME","Didemnum vexillum","MW425664.1 Didemnum vexillum voucher Dv-19-012 cytochrome c oxidase subunit I (COX1) gene partial cds mitochondrial",0.183
"DIME","Didemnum vexillum","MW425673.1 Didemnum vexillum voucher Dv-19-024 cytochrome c oxidase subunit I (COX1) gene partial cds mitochondrial",0.183
"DIME","Didemnum vexillum","MW425616.1 Didemnum vexillum voucher Dv-17-006 cytochrome c oxidase subunit I (COX1) gene partial cds mitochondrial",0.183
"DIME","Didemnum vexillum","MW425677.1 Didemnum vexillum voucher Dv-19-091 cytochrome c oxidase subunit I (COX1) gene partial cds mitochondrial",0.183
"DIME","Didemnum vexillum","MW425676.1 Didemnum vexillum voucher Dv-19-085 cytochrome c oxidase subunit I (COX1) gene partial cds mitochondrial",0.183
"DIME","Didemnum vexillum","MW425672.1 Didemnum vexillum voucher Dv-19-023 cytochrome c oxidase subunit I (COX1) gene partial cds mitochondrial",0.183
"DIME","Didemnum vexillum","MW425663.1 Didemnum vexillum voucher Dv-19-011 cytochrome c oxidase subunit I (COX1) gene partial cds mitochondrial",0.183
"DIME","Didemnum vexillum","KY235547.1 Didemnum vexillum isolate BP23BS cytochrome oxidase subunit I (COI) gene partial cds mitochondrial",0.183
"DIME","Didemnum vexillum","MW425657.1 Didemnum vexillum voucher Dv-18-030 cytochrome c oxidase subunit I (COX1) gene partial cds mitochondrial",0.183
"DIME","Didemnum vexillum","MN718181.1 Didemnum vexillum cytochrome c oxidase subunit 1 (COI) gene partial cds mitochondrial",0.183
"DIME","Didemnum vexillum","MW425624.1 Didemnum vexillum voucher Dv-17-173 cytochrome c oxidase subunit I (COX1) gene partial cds mitochondrial",0.183
"DIME","Didemnum vexillum","MW425629.1 Didemnum vexillum voucher Dv-17-258 cytochrome c oxidase subunit I (COX1) gene partial cds mitochondrial",0.183
"DIME","Didemnum vexillum","MW425648.1 Didemnum vexillum voucher Dv-18-020 cytochrome c oxidase subunit I (COX1) gene partial cds mitochondrial",0.183
"DIME","Didemnum vexillum","MW425649.1 Didemnum vexillum voucher Dv-18-021 cytochrome c oxidase subunit I (COX1) gene partial cds mitochondrial",0.183
"DIME","Didemnum vexillum","MW425650.1 Didemnum vexillum voucher Dv-18-023 cytochrome c oxidase subunit I (COX1) gene partial cds mitochondrial",0.183
"DIME","Didemnum vexillum","MW425621.1 Didemnum vexillum voucher Dv-17-085 cytochrome c oxidase subunit I (COX1) gene partial cds mitochondrial",0.183
"DIME","Didemnum vexillum","MW425670.1 Didemnum vexillum voucher Dv-19-019 cytochrome c oxidase subunit I (COX1) gene partial cds mitochondrial",0.183
"DIME","Didemnum vexillum","MW425662.1 Didemnum vexillum voucher Dv-19-010 cytochrome c oxidase subunit I (COX1) gene partial cds mitochondrial",0.183
"DIME","Didemnum vexillum","MW425652.1 Didemnum vexillum voucher Dv-18-025 cytochrome c oxidase subunit I (COX1) gene partial cds mitochondrial",0.183
"DIME","Didemnum vexillum","MW425646.1 Didemnum vexillum voucher Dv-18-010 cytochrome c oxidase subunit I (COX1) gene partial cds mitochondrial",0.183
"DIME","Didemnum vexillum","MW425638.1 Didemnum vexillum voucher Dv-18-002 cytochrome c oxidase subunit I (COX1) gene partial cds mitochondrial",0.183
"DIME","Didemnum vexillum","MW425636.1 Didemnum vexillum voucher Dv-17-286 cytochrome c oxidase subunit I (COX1) gene partial cds mitochondrial",0.183
"DIME","Didemnum vexillum","MW425631.1 Didemnum vexillum voucher Dv-17-260 cytochrome c oxidase subunit I (COX1) gene partial cds mitochondrial",0.183
"DIME","Didemnum vexillum","MW425623.1 Didemnum vexillum voucher Dv-17-172 cytochrome c oxidase subunit I (COX1) gene partial cds mitochondrial",0.183
"DIME","Didemnum vexillum","KR612209.1 Didemnum vexillum isolate Fairlie11 cytochrome c oxidase (CoI) gene partial cds mitochondrial",0.183
"DIME","Didemnum vexillum","KR612212.1 Didemnum vexillum isolate Hunterston cytochrome c oxidase (CoI) gene partial cds mitochondrial",0.183
"DIME","Didemnum vexillum","KR612213.1 Didemnum vexillum isolate Largs cytochrome c oxidase (CoI) gene partial cds mitochondrial",0.183
"DIME","Didemnum vexillum","KR612214.1 Didemnum vexillum isolate DarthavenD1 cytochrome c oxidase (CoI) gene partial cds mitochondrial",0.183
"DIME","Didemnum vexillum","KR612215.1 Didemnum vexillum isolate DarthavenD2 cytochrome c oxidase (CoI) gene partial cds mitochondrial",0.183
"DIME","Didemnum vexillum","KR612217.1 Didemnum vexillum isolate GosportG1 cytochrome c oxidase (CoI) gene partial cds mitochondrial",0.183
"DIME","Didemnum vexillum","OQ430772.1 Didemnum vexillum isolate SY230207 cytochrome c oxidase subunit I (COX1) gene partial cds mitochondrial",0.183
"DIME","Didemnum vexillum","OQ430771.1 Didemnum vexillum isolate SY230206 cytochrome c oxidase subunit I (COX1) gene partial cds mitochondrial",0.183
"DIME","Didemnum vexillum","OQ430770.1 Didemnum vexillum isolate SY230205 cytochrome c oxidase subunit I (COX1) gene partial cds mitochondrial",0.183
"DIME","Didemnum vexillum","OQ430769.1 Didemnum vexillum isolate SY230204 cytochrome c oxidase subunit I (COX1) gene partial cds mitochondrial",0.183
"DIME","Didemnum vexillum","OQ430768.1 Didemnum vexillum isolate SY230203 cytochrome c oxidase subunit I (COX1) gene partial cds mitochondrial",0.183
"DIME","Didemnum vexillum","MN952980.1 Didemnum vexillum voucher Colony_10 cytochrome c oxidase subunit I (COX1) gene partial cds mitochondrial",0.183
"DIME","Didemnum vexillum","MN952979.1 Didemnum vexillum voucher Colony_9 cytochrome c oxidase subunit I (COX1) gene partial cds mitochondrial",0.183
"DIME","Didemnum vexillum","EU419455.1 Didemnum vexillum voucher RMNH UROCH 713 cytochrome oxidase subunit I (COI) gene partial cds mitochondrial",0.183
"DIME","Didemnum vexillum","EU419454.1 Didemnum vexillum voucher RMNH UROCH 712 cytochrome oxidase subunit I (COI) gene partial cds mitochondrial",0.183
"DIME","Didemnum vexillum","EU419453.1 Didemnum vexillum voucher RMNH UROCH 711 cytochrome oxidase subunit I (COI) gene partial cds mitochondrial",0.183
"DIME","Didemnum vexillum","EU419452.1 Didemnum vexillum voucher RMNH UROCH 717 cytochrome oxidase subunit I (COI) gene partial cds mitochondrial",0.183
"DIME","Didemnum vexillum","EU419451.1 Didemnum vexillum voucher RMNH UROCH 719 cytochrome oxidase subunit I (COI) gene partial cds mitochondrial",0.183
"DIME","Didemnum vexillum","EU419449.1 Didemnum vexillum voucher RMNH UROCH 710 cytochrome oxidase subunit I (COI) gene partial cds mitochondrial",0.183
"DIME","Didemnum vexillum","EU419447.1 Didemnum vexillum voucher RMNH UROCH 707 cytochrome oxidase subunit I (COI) gene partial cds mitochondrial",0.183
"DIME","Didemnum vexillum","EU419446.1 Didemnum vexillum voucher RMNH UROCH 706 cytochrome oxidase subunit I (COI) gene partial cds mitochondrial",0.183
"DIME","Didemnum vexillum","EU419445.1 Didemnum vexillum voucher RMNH UROCH 705 cytochrome oxidase subunit I (COI) gene partial cds mitochondrial",0.183
"DIME","Didemnum vexillum","EU419444.1 Didemnum vexillum voucher RMNH UROCH 704 cytochrome oxidase subunit I (COI) gene partial cds mitochondrial",0.183
"DIME","Didemnum vexillum","EU419443.1 Didemnum vexillum voucher RMNH UROCH 703 cytochrome oxidase subunit I (COI) gene partial cds mitochondrial",0.183
"DIME","Didemnum vexillum","EU419442.1 Didemnum vexillum voucher RMNH UROCH 702 cytochrome oxidase subunit I (COI) gene partial cds mitochondrial",0.183
"DIME","Didemnum vexillum","EU419439.1 Didemnum vexillum voucher RMNH UROCH 725 cytochrome oxidase subunit I (COI) gene partial cds mitochondrial",0.183
"DIME","Didemnum vexillum","EU419431.1 Didemnum vexillum voucher RMNH UROCH 730 cytochrome oxidase subunit I (COI) gene partial cds mitochondrial",0.183
"DIME","Didemnum vexillum","EU419430.1 Didemnum vexillum voucher RMNH UROCH 696 cytochrome oxidase subunit I (COI) gene partial cds mitochondrial",0.183
"DIME","Didemnum vexillum","EU419428.1 Didemnum vexillum voucher RMNH UROCH 744 cytochrome oxidase subunit I (COI) gene partial cds mitochondrial",0.183
"DIME","Didemnum vexillum","EU419425.1 Didemnum vexillum voucher RMNH UROCH 695 cytochrome oxidase subunit I (COI) gene partial cds mitochondrial",0.183
"DIME","Didemnum vexillum","EU419421.1 Didemnum vexillum voucher RMNH UROCH 743 cytochrome oxidase subunit I (COI) gene partial cds mitochondrial",0.183
"DIME","Didemnum vexillum","EU419420.1 Didemnum vexillum voucher RMNH UROCH 724 cytochrome oxidase subunit I (COI) gene partial cds mitochondrial",0.183
"DIME","Didemnum vexillum","EU419419.1 Didemnum vexillum voucher RMNH UROCH 723 cytochrome oxidase subunit I (COI) gene partial cds mitochondrial",0.183
"DIME","Didemnum vexillum","EU419418.1 Didemnum vexillum voucher RMNH UROCH 718 cytochrome oxidase subunit I (COI) gene partial cds mitochondrial",0.183
"DIME","Didemnum vexillum","EU419417.1 Didemnum vexillum voucher RMNH UROCH 700 cytochrome oxidase subunit I (COI) gene partial cds mitochondrial",0.183
"DIME","Didemnum vexillum","EU419416.1 Didemnum vexillum voucher RMNH UROCH 698 cytochrome oxidase subunit I (COI) gene partial cds mitochondrial",0.183
"DIME","Didemnum vexillum","EU419415.1 Didemnum vexillum voucher RMNH UROCH 697 cytochrome oxidase subunit I (COI) gene partial cds mitochondrial",0.183
"DIME","Didemnum vexillum","EU419414.1 Didemnum vexillum voucher RMNH UROCH 731 cytochrome oxidase subunit I (COI) gene partial cds mitochondrial",0.183
"DIME","Didemnum vexillum","EU419411.1 Didemnum vexillum voucher RMNH UROCH 716 cytochrome oxidase subunit I (COI) gene partial cds mitochondrial",0.183
"DIME","Didemnum vexillum","EU419410.1 Didemnum vexillum voucher RMNH UROCH 714 cytochrome oxidase subunit I (COI) gene partial cds mitochondrial",0.183
"DIME","Didemnum vexillum","EU419409.1 Didemnum vexillum voucher RMNH UROCH 689 cytochrome oxidase subunit I (COI) gene partial cds mitochondrial",0.183
"DIME","Didemnum vexillum","EU419405.1 Didemnum vexillum voucher RMNH UROCH 742 cytochrome oxidase subunit I (COI) gene partial cds mitochondrial",0.183
"DIME","Didemnum vexillum","EU419403.1 Didemnum vexillum voucher RMNH UROCH 694 cytochrome oxidase subunit I (COI) gene partial cds mitochondrial",0.183
"DIME","Didemnum vexillum","EU419402.1 Didemnum vexillum voucher RMNH UROCH 715 cytochrome oxidase subunit I (COI) gene partial cds mitochondrial",0.183
"DIME","Didemnum vexillum","EU419401.1 Didemnum vexillum voucher RMNH UROCH 736 cytochrome oxidase subunit I (COI) gene partial cds mitochondrial",0.183
"DIME","Didemnum vexillum","MG833034.1 Didemnum vexillum cytochrome c oxidase subunit I (COI) gene partial cds mitochondrial",0.183
"DIME","Didemnum vexillum","EU742677.1 Didemnum vexillum voucher RMNH.UROCH.766 cytochrome oxidase 1 (COI) gene partial cds mitochondrial",0.183
"DIME","Didemnum vexillum","EU742676.1 Didemnum vexillum voucher RMNH.UROCH.765 cytochrome oxidase 1 (COI) gene partial cds mitochondrial",0.183
"DIME","Didemnum vexillum","EU742674.1 Didemnum vexillum voucher RMNH.UROCH.767 cytochrome oxidase 1 (COI) gene partial cds mitochondrial",0.183
"DIME","Didemnum vexillum","EU742667.1 Didemnum vexillum voucher RMNH.UROCH.756 cytochrome oxidase 1 (COI) gene partial cds mitochondrial",0.183
"DIME","Didemnum vexillum","EU742662.1 Didemnum vexillum voucher RMNH.UROCH.763 cytochrome oxidase 1 (COI) gene partial cds mitochondrial",0.183
"DIME","Didemnum vexillum","EU742675.2 Didemnum vexillum voucher RMNH.UROCH.768 cytochrome oxidase subunit I (COI) gene partial cds mitochondrial",0.183
"DIME","Didemnum vexillum","EU742663.2 Didemnum vexillum voucher RMNH.UROCH.764 cytochrome oxidase subunit I (COI) gene partial cds mitochondrial",0.183
"DIME","Didemnum vexillum","EU419448.2 Didemnum vexillum voucher RMNH UROCH 708 cytochrome oxidase subunit I (COI) gene partial cds mitochondrial",0.183
"DIME","Didemnum vexillum","EU419440.2 Didemnum vexillum voucher RMNH UROCH 726 cytochrome oxidase subunit I (COI) gene partial cds mitochondrial",0.183
"DIME","Didemnum vexillum","EU419438.2 Didemnum vexillum voucher RMNH UROCH 722 cytochrome oxidase subunit I (COI) gene partial cds mitochondrial",0.183
"DIME","Didemnum vexillum","EU419437.2 Didemnum vexillum voucher RMNH UROCH 721 cytochrome oxidase subunit I (COI) gene partial cds mitochondrial",0.183
"DIME","Didemnum vexillum","EU419433.2 Didemnum vexillum voucher RMNH UROCH 701 cytochrome oxidase subunit I (COI) gene partial cds mitochondrial",0.183
"DIME","Didemnum vexillum","EU419404.2 Didemnum vexillum voucher RMNH UROCH 735 cytochrome oxidase subunit I (COI) gene partial cds mitochondrial",0.183
"DIME","Didemnum vexillum","KR612216.1 Didemnum vexillum isolate DarthavenD3 cytochrome c oxidase (CoI) gene partial cds mitochondrial",0.183
"DIME","Didemnum vexillum","JF738058.1 Didemnum vexillum haplotype 3 cytochrome oxidase subunit I (COI) gene partial cds mitochondrial",0.183
"DIME","Didemnum vexillum","KM036507.1 Didemnum vexillum isolate DVI3 cytochrome oxidase subunit I gene partial cds mitochondrial",0.183
"DIME","Didemnum vexillum","JQ663516.1 Didemnum vexillum haplotype 22 cytochrome oxidase subunit 1 (co1) gene partial cds mitochondrial",0.183
"DIME","Didemnum vexillum","EU419458.2 Didemnum vexillum voucher RMNH UROCH 740 cytochrome oxidase subunit I (COI) gene partial cds mitochondrial",0.183
"DIME","Didemnum vexillum","JQ663510.1 Didemnum vexillum haplotype 7 cytochrome oxidase subunit 1 (co1) gene partial cds mitochondrial",0.183
"DIME","Didemnum vexillum","EU419450.1 Didemnum vexillum voucher RMNH UROCH 699 cytochrome oxidase subunit I (COI) gene partial cds mitochondrial",0.183
"DIME","Didemnum vexillum","EU419429.1 Didemnum vexillum voucher RMNH UROCH 745 cytochrome oxidase subunit I (COI) gene partial cds mitochondrial",0.183
"DIME","Didemnum vexillum","EU419422.1 Didemnum vexillum voucher RMNH UROCH 732 cytochrome oxidase subunit I (COI) gene partial cds mitochondrial",0.183
"DIME","Didemnum vexillum","EU742664.1 Didemnum vexillum voucher RMNH.UROCH.752 cytochrome oxidase 1 (COI) gene partial cds mitochondrial",0.183
"DIME","Didemnum vexillum","EU742665.2 Didemnum vexillum voucher RMNH.UROCH.753 cytochrome oxidase subunit I (COI) gene partial cds mitochondrial",0.183
"DIME","Didemnum vexillum","JQ663508.1 Didemnum vexillum haplotype 4 cytochrome oxidase subunit 1 (co1) gene partial cds mitochondrial",0.183
"DIME","Didemnum vexillum","EU419459.1 Didemnum vexillum voucher RMNH UROCH 741 cytochrome oxidase subunit I (COI) gene partial cds mitochondrial",0.183
"DIME","Didemnum vexillum","JQ663511.1 Didemnum vexillum haplotype 8 cytochrome oxidase subunit 1 (co1) gene partial cds mitochondrial",0.183
"DIME","Didemnum vexillum","EU419441.1 Didemnum vexillum voucher RMNH UROCH 734 cytochrome oxidase subunit I (COI) gene partial cds mitochondrial",0.183
"DIME","Didemnum vexillum","EU419435.1 Didemnum vexillum voucher RMNH UROCH 738 cytochrome oxidase subunit I (COI) gene partial cds mitochondrial",0.183
"DIME","Didemnum vexillum","EU419406.2 Didemnum vexillum voucher RMNH UROCH 733 cytochrome oxidase subunit I (COI) gene partial cds mitochondrial",0.183
"DIME","Didemnum vexillum","KM036506.1 Didemnum vexillum isolate DVI2 cytochrome oxidase subunit I gene partial cds mitochondrial",0.183
"DIME","Didemnum vexillum","KM036505.1 Didemnum vexillum isolate DVI1 cytochrome oxidase subunit I gene partial cds mitochondrial",0.183
"DIME","Didemnum vexillum","JF738060.1 Didemnum vexillum haplotype 6 cytochrome oxidase subunit I (COI) gene partial cds mitochondrial",0.183
"DIME","Didemnum vexillum","KR612210.1 Didemnum vexillum isolate Fairlie15 cytochrome c oxidase (CoI) gene partial cds mitochondrial",0.183
"DIME","Didemnum vexillum","EU419434.1 Didemnum vexillum voucher RMNH UROCH 737 cytochrome oxidase subunit I (COI) gene partial cds mitochondrial",0.183
"DIME","Didemnum vexillum","EU419424.1 Didemnum vexillum voucher RMNH UROCH 693 cytochrome oxidase subunit I (COI) gene partial cds mitochondrial",0.183
"DIME","Didemnum vexillum","EU419423.1 Didemnum vexillum voucher RMNH UROCH 692 cytochrome oxidase subunit I (COI) gene partial cds mitochondrial",0.183
"DIME","Didemnum vexillum","EU742666.1 Didemnum vexillum voucher RMNH.UROCH.755 cytochrome oxidase 1 (COI) gene partial cds mitochondrial",0.183
"DIME","Didemnum vexillum","KR612218.1 Didemnum vexillum isolate GosportG2 cytochrome c oxidase (CoI) gene partial cds mitochondrial",0.183
"DIME","Didemnum vexillum","KR612211.1 Didemnum vexillum isolate Fairlie21 cytochrome c oxidase (CoI) gene partial cds mitochondrial",0.183
"DIME","Didemnum vexillum","JF738059.1 Didemnum vexillum haplotype 5 cytochrome oxidase subunit I (COI) gene partial cds mitochondrial",0.183
"DIME","Lissoclinum fragile","MH806442.1 Lissoclinum fragile voucher ASC 98 cytochrome c oxidase subunit I (COI) gene partial cds mitochondrial",0.181
"DIME","Lissoclinum fragile","MH806441.1 Lissoclinum fragile voucher ASC 97 cytochrome c oxidase subunit I (COI) gene partial cds mitochondrial",0.181
"DIME","Lissoclinum fragile","MH806440.1 Lissoclinum fragile voucher ASC 44 cytochrome c oxidase subunit I (COI) gene partial cds mitochondrial",0.181
"DIME","Lissoclinum fragile","KR822675.1 Lissoclinum fragile voucher DBTIC 36 cytochrome oxidase subunit I (COI) gene partial cds mitochondrial",0.181
"DIME","Didemnum cineraceum","KU221193.1 Didemnum cineraceum voucher ColBIO TL_230 cytochrome oxidase subunit I (COI) gene partial cds mitochondrial",0.179
"DIME","Didemnum vexillum","JQ663517.1 Didemnum vexillum haplotype 23 cytochrome oxidase subunit 1 (co1) gene partial cds mitochondrial",0.178
"DIME","Didemnum maculosum","MZ761884.1 Didemnum maculosum voucher Z.2015.82.8 cytochrome c oxidase subunit I (COX1) gene partial cds mitochondrial",0.177
"DIME","Diplosoma listerianum","KY235555.1 Diplosoma listerianum isolate FC1-2 cytochrome oxidase subunit I (COI) gene partial cds mitochondrial",0.177
"DIME","Diplosoma listerianum","KY235554.1 Diplosoma listerianum isolate FC1-1 cytochrome oxidase subunit I (COI) gene partial cds mitochondrial",0.177
"DIME","Trididemnum solidum","KM924173.1 Trididemnum solidum isolate GAPB14 cytochrome oxidase subunit I gene partial cds mitochondrial",0.177
"DIME","Didemnum vexillum","MW425637.1 Didemnum vexillum voucher Dv-18-001 cytochrome c oxidase subunit I (COX1) gene partial cds mitochondrial",0.176
"DIME","Didemnum granulatum","KU221196.1 Didemnum granulatum voucher UF_573 cytochrome oxidase subunit I (COI) gene partial cds mitochondrial",0.175
"DIME","Didemnum vexillum","JF738064.1 Didemnum vexillum haplotype 12 cytochrome oxidase subunit I (COI) gene partial cds mitochondrial",0.175
"DIME","Diplosoma listerianum","MN718191.1 Diplosoma listerianum cytochrome c oxidase subunit 1 (COI) gene partial cds mitochondrial",0.174
"DIME","Diplosoma listerianum","MN718190.1 Diplosoma listerianum cytochrome c oxidase subunit 1 (COI) gene partial cds mitochondrial",0.174
"DIME","Diplosoma listerianum","KF791882.1 Diplosoma listerianum haplotype 16 cytochrome oxidase subunit I (COI) gene partial cds mitochondrial",0.174
"DIME","Diplosoma listerianum","KF791883.1 Diplosoma listerianum haplotype 17 cytochrome oxidase subunit I (COI) gene partial cds mitochondrial",0.174
"DIME","Diplosoma listerianum","KF791895.1 Diplosoma listerianum haplotype 29 cytochrome oxidase subunit I (COI) gene partial cds mitochondrial",0.174
"DIME","Diplosoma listerianum","KF791894.1 Diplosoma listerianum haplotype 28 cytochrome oxidase subunit I (COI) gene partial cds mitochondrial",0.174
"DIME","Diplosoma listerianum","KY235579.1 Diplosoma listerianum isolate SCMB2_1 cytochrome oxidase subunit I (COI) gene partial cds mitochondrial",0.174
"DIME","Diplosoma listerianum","KY235593.1 Diplosoma listerianum isolate SCTB8_8 cytochrome oxidase subunit I (COI) gene partial cds mitochondrial",0.174
"DIME","Diplosoma listerianum","KY235589.1 Diplosoma listerianum isolate SCTB2_2-2 cytochrome oxidase subunit I (COI) gene partial cds mitochondrial",0.174
"DIME","Diplosoma listerianum","KF791869.1 Diplosoma listerianum haplotype 3 cytochrome oxidase subunit I (COI) gene partial cds mitochondrial",0.174
"DIME","Diplosoma listerianum","KF791875.1 Diplosoma listerianum haplotype 9 cytochrome oxidase subunit I (COI) gene partial cds mitochondrial",0.174
"DIME","Diplosoma listerianum","KF791874.1 Diplosoma listerianum haplotype 8 cytochrome oxidase subunit I (COI) gene partial cds mitochondrial",0.174
"DIME","Diplosoma listerianum","KF791871.1 Diplosoma listerianum haplotype 5 cytochrome oxidase subunit I (COI) gene partial cds mitochondrial",0.174
"DIME","Diplosoma listerianum","KF791872.1 Diplosoma listerianum haplotype 6 cytochrome oxidase subunit I (COI) gene partial cds mitochondrial",0.174
"DIME","Diplosoma listerianum","KF791904.1 Diplosoma listerianum haplotype 38 cytochrome oxidase subunit I (COI) gene partial cds mitochondrial",0.174
"DIME","Diplosoma listerianum","KF791907.1 Diplosoma listerianum haplotype 41 cytochrome oxidase subunit I (COI) gene partial cds mitochondrial",0.174
"DIME","Diplosoma listerianum","KY235574.1 Diplosoma listerianum isolate SCBR8_8 cytochrome oxidase subunit I (COI) gene partial cds mitochondrial",0.174
"DIME","Diplosoma listerianum","KY235576.1 Diplosoma listerianum isolate SCBR1 cytochrome oxidase subunit I (COI) gene partial cds mitochondrial",0.174
"DIME","Diplosoma listerianum","KY235591.1 Diplosoma listerianum isolate SCTB8_2-8 cytochrome oxidase subunit I (COI) gene partial cds mitochondrial",0.174
"DIME","Diplosoma listerianum","KY235590.1 Diplosoma listerianum isolate SCTB2_3-2 cytochrome oxidase subunit I (COI) gene partial cds mitochondrial",0.174
"DIME","Diplosoma listerianum","KY235588.1 Diplosoma listerianum isolate SCMS8_8 cytochrome oxidase subunit I (COI) gene partial cds mitochondrial",0.174
"DIME","Diplosoma listerianum","KY235587.1 Diplosoma listerianum isolate SCMS8_2-8 cytochrome oxidase subunit I (COI) gene partial cds mitochondrial",0.174
"DIME","Diplosoma listerianum","KY235585.1 Diplosoma listerianum isolate SCMR3_2-3 cytochrome oxidase subunit I (COI) gene partial cds mitochondrial",0.174
"DIME","Diplosoma listerianum","KY235584.1 Diplosoma listerianum isolate SCMR2_2-1 cytochrome oxidase subunit I (COI) gene partial cds mitochondrial",0.174
"DIME","Diplosoma listerianum","KY235583.1 Diplosoma listerianum isolate SCMR2_2 cytochrome oxidase subunit I (COI) gene partial cds mitochondrial",0.174
"DIME","Diplosoma listerianum","KY235581.1 Diplosoma listerianum isolate SCMB1 cytochrome oxidase subunit I (COI) gene partial cds mitochondrial",0.174
"DIME","Diplosoma listerianum","KY235578.1 Diplosoma listerianum isolate SCBS2_2 cytochrome oxidase subunit I (COI) gene partial cds mitochondrial",0.174
"DIME","Diplosoma listerianum","KY235575.1 Diplosoma listerianum isolate SCBR8_8-2 cytochrome oxidase subunit I (COI) gene partial cds mitochondrial",0.174
"DIME","Diplosoma listerianum","KY235573.1 Diplosoma listerianum isolate SCBR2_1 cytochrome oxidase subunit I (COI) gene partial cds mitochondrial",0.174
"DIME","Diplosoma listerianum","KF791867.1 Diplosoma listerianum haplotype 1 cytochrome oxidase subunit I (COI) gene partial cds mitochondrial",0.174
"DIME","Diplosoma listerianum","KF791868.1 Diplosoma listerianum haplotype 2 cytochrome oxidase subunit I (COI) gene partial cds mitochondrial",0.174
"DIME","Diplosoma listerianum","KY235553.1 Diplosoma listerianum isolate AP4BR cytochrome oxidase subunit I (COI) gene partial cds mitochondrial",0.174
"DIME","Diplosoma listerianum","KY235571.1 Diplosoma listerianum isolate SCBB3_1-3 cytochrome oxidase subunit I (COI) gene partial cds mitochondrial",0.174
"DIME","Diplosoma listerianum","KY235572.1 Diplosoma listerianum isolate SCBB3_2-3 cytochrome oxidase subunit I (COI) gene partial cds mitochondrial",0.174
"DIME","Diplosoma listerianum","KY235577.1 Diplosoma listerianum isolate SCBS2_1 cytochrome oxidase subunit I (COI) gene partial cds mitochondrial",0.174
"DIME","Diplosoma listerianum","KY235580.1 Diplosoma listerianum isolate SCM4_1 cytochrome oxidase subunit I (COI) gene partial cds mitochondrial",0.174
"DIME","Diplosoma listerianum","KY235582.1 Diplosoma listerianum isolate SCMR2_3-2 cytochrome oxidase subunit I (COI) gene partial cds mitochondrial",0.174
"DIME","Diplosoma listerianum","KY235586.1 Diplosoma listerianum isolate SCMR3_3 cytochrome oxidase subunit I (COI) gene partial cds mitochondrial",0.174
"DIME","Diplosoma listerianum","KY235592.1 Diplosoma listerianum isolate SCTB8_3-8 cytochrome oxidase subunit I (COI) gene partial cds mitochondrial",0.174
"DIME","Diplosoma listerianum","MN718189.1 Diplosoma listerianum cytochrome c oxidase subunit 1 (COI) gene partial cds mitochondrial",0.174
"DIME","Diplosoma listerianum","MN718192.1 Diplosoma listerianum cytochrome c oxidase subunit 1 (COI) gene partial cds mitochondrial",0.174
"DIME","Diplosoma listerianum","MT983897.1 Diplosoma listerianum isolate DLJB3B cytochrome c oxidase subunit I (COX1) gene partial cds mitochondrial",0.174
"DIME","Diplosoma listerianum","MT983896.1 Diplosoma listerianum isolate DLJB3A cytochrome c oxidase subunit I (COX1) gene partial cds mitochondrial",0.174
"DIME","Diplosoma listerianum","MT983895.1 Diplosoma listerianum isolate DLJB2A cytochrome c oxidase subunit I (COX1) gene partial cds mitochondrial",0.174
"DIME","Diplosoma listerianum","KF309664.1 Diplosoma listerianum isolate VG-2 cytochrome oxidase subunit I (COI) gene partial cds mitochondrial",0.174
"DIME","Diplosoma listerianum","KF309660.1 Diplosoma listerianum isolate TO-2 cytochrome oxidase subunit I (COI) gene partial cds mitochondrial",0.174
"DIME","Diplosoma listerianum","MH339614.1 Diplosoma listerianum isolate WT1NS cytochrome oxidase subunit I (COI) gene partial cds mitochondrial",0.174
"DIME","Diplosoma listerianum","MH339613.1 Diplosoma listerianum isolate NH4MS cytochrome oxidase subunit I (COI) gene partial cds mitochondrial",0.174
"DIME","Diplosoma listerianum","MH339612.1 Diplosoma listerianum isolate NH2BS cytochrome oxidase subunit I (COI) gene partial cds mitochondrial",0.174
"DIME","Didemnum vexillum","MW425675.1 Didemnum vexillum voucher Dv-19-071 cytochrome c oxidase subunit I (COX1) gene partial cds mitochondrial",0.173
"DIME","Didemnum vexillum","MN071418.1 Didemnum vexillum isolate H25 cytochrome oxidase subunit I (COI) gene partial cds mitochondrial",0.171
"DIME","Didemnum vexillum","MW425679.1 Didemnum vexillum voucher Dv-19-127 cytochrome c oxidase subunit I (COX1) gene partial cds mitochondrial",0.171
"DIME","Didemnum vexillum","MW425667.1 Didemnum vexillum voucher Dv-19-016 cytochrome c oxidase subunit I (COX1) gene partial cds mitochondrial",0.171
"DIME","Didemnum vexillum","MW425665.1 Didemnum vexillum voucher Dv-19-013 cytochrome c oxidase subunit I (COX1) gene partial cds mitochondrial",0.171
"DIME","Didemnum vexillum","MW425626.1 Didemnum vexillum voucher Dv-17-175 cytochrome c oxidase subunit I (COX1) gene partial cds mitochondrial",0.171
"DIME","Didemnum vexillum","MW425666.1 Didemnum vexillum voucher Dv-19-014 cytochrome c oxidase subunit I (COX1) gene partial cds mitochondrial",0.171
"DIME","Didemnum vexillum","MW425659.1 Didemnum vexillum voucher Dv-19-006 cytochrome c oxidase subunit I (COX1) gene partial cds mitochondrial",0.171
"DIME","Didemnum vexillum","MW425661.1 Didemnum vexillum voucher Dv-19-008 cytochrome c oxidase subunit I (COX1) gene partial cds mitochondrial",0.171
"DIME","Didemnum vexillum","MW425660.1 Didemnum vexillum voucher Dv-19-007 cytochrome c oxidase subunit I (COX1) gene partial cds mitochondrial",0.171
"DIME","Didemnum vexillum","KY235546.1 Didemnum vexillum isolate BP13MS cytochrome oxidase subunit I (COI) gene partial cds mitochondrial",0.171
"DIME","Didemnum vexillum","MW425641.1 Didemnum vexillum voucher Dv-18-005 cytochrome c oxidase subunit I (COX1) gene partial cds mitochondrial",0.171
"DIME","Didemnum vexillum","MW425647.1 Didemnum vexillum voucher Dv-18-011 cytochrome c oxidase subunit I (COX1) gene partial cds mitochondrial",0.171
"DIME","Didemnum vexillum","MW425655.1 Didemnum vexillum voucher Dv-18-028 cytochrome c oxidase subunit I (COX1) gene partial cds mitochondrial",0.171
"DIME","Didemnum vexillum","MW425669.1 Didemnum vexillum voucher Dv-19-018 cytochrome c oxidase subunit I (COX1) gene partial cds mitochondrial",0.171
"DIME","Didemnum vexillum","MW425645.1 Didemnum vexillum voucher Dv-18-009 cytochrome c oxidase subunit I (COX1) gene partial cds mitochondrial",0.171
"DIME","Didemnum vexillum","MW425643.1 Didemnum vexillum voucher Dv-18-007 cytochrome c oxidase subunit I (COX1) gene partial cds mitochondrial",0.171
"DIME","Didemnum vexillum","MW425642.1 Didemnum vexillum voucher Dv-18-006 cytochrome c oxidase subunit I (COX1) gene partial cds mitochondrial",0.171
"DIME","Didemnum vexillum","KR612219.1 Didemnum vexillum isolate GosportG3 cytochrome c oxidase (CoI) gene partial cds mitochondrial",0.171
"DIME","Didemnum vexillum","MW425651.1 Didemnum vexillum voucher Dv-18-024 cytochrome c oxidase subunit I (COX1) gene partial cds mitochondrial",0.171
"DIME","Didemnum vexillum","MW425668.1 Didemnum vexillum voucher Dv-19-017 cytochrome c oxidase subunit I (COX1) gene partial cds mitochondrial",0.171
"DIME","Didemnum vexillum","MW425654.1 Didemnum vexillum voucher Dv-18-027 cytochrome c oxidase subunit I (COX1) gene partial cds mitochondrial",0.171
"DIME","Didemnum vexillum","MW425653.1 Didemnum vexillum voucher Dv-18-026 cytochrome c oxidase subunit I (COX1) gene partial cds mitochondrial",0.171
"DIME","Didemnum vexillum","MW425640.1 Didemnum vexillum voucher Dv-18-004 cytochrome c oxidase subunit I (COX1) gene partial cds mitochondrial",0.171
"DIME","Didemnum vexillum","OQ430767.1 Didemnum vexillum isolate SY230202 cytochrome c oxidase subunit I (COX1) gene partial cds mitochondrial",0.171
"DIME","Didemnum vexillum","OQ430766.1 Didemnum vexillum isolate SY230201 cytochrome c oxidase subunit I (COX1) gene partial cds mitochondrial",0.171
"DIME","Didemnum vexillum","EU419457.1 Didemnum vexillum voucher RMNH UROCH 739 cytochrome oxidase subunit I (COI) gene partial cds mitochondrial",0.171
"DIME","Didemnum vexillum","EU419436.1 Didemnum vexillum voucher RMNH UROCH 720 cytochrome oxidase subunit I (COI) gene partial cds mitochondrial",0.171
"DIME","Didemnum vexillum","EU419427.1 Didemnum vexillum voucher RMNH UROCH 691 cytochrome oxidase subunit I (COI) gene partial cds mitochondrial",0.171
"DIME","Didemnum vexillum","EU419426.1 Didemnum vexillum voucher RMNH UROCH 690 cytochrome oxidase subunit I (COI) gene partial cds mitochondrial",0.171
"DIME","Didemnum vexillum","EU419413.2 Didemnum vexillum voucher RMNH UROCH 729 cytochrome oxidase subunit I (COI) gene partial cds mitochondrial",0.171
"DIME","Didemnum vexillum","EU419412.2 Didemnum vexillum voucher RMNH UROCH 728 cytochrome oxidase subunit I (COI) gene partial cds mitochondrial",0.171
"DIME","Didemnum vexillum","KR612220.1 Didemnum vexillum isolate Holyhead cytochrome c oxidase (CoI) gene partial cds mitochondrial",0.171
"DIME","Didemnum vexillum","JF738057.1 Didemnum vexillum haplotype 2 cytochrome oxidase subunit I (COI) gene partial cds mitochondrial",0.171
"DIME","Didemnum vexillum","JQ663509.1 Didemnum vexillum haplotype 1 cytochrome oxidase subunit 1 (co1) gene partial cds mitochondrial",0.171
"DIME","Didemnum vexillum","KR612222.1 Didemnum vexillum isolate KentB cytochrome c oxidase (CoI) gene partial cds mitochondrial",0.171
"DIME","Didemnum vexillum","KR612221.1 Didemnum vexillum isolate KentA cytochrome c oxidase (CoI) gene partial cds mitochondrial",0.171
"DIME","Diplosoma gelatinosa","KX650792.1 Diplosoma gelatinosa voucher DBTIC172 cytochrome oxidase subunit I (COI) gene partial cds mitochondrial",0.168
"DIME","Didemnum granulatum","KJ725155.1 Didemnum granulatum isolate GAASC4 cytochrome c oxidase subunit 1 (COI) gene partial cds mitochondrial",0.167
"DIME","Didemnum granulatum","JQ013198.1 Didemnum granulatum strain Sri2 cytochrome oxidase subunit I (COI) gene partial cds mitochondrial",0.167
"DIME","Didemnum granulatum","KP779901.1 Didemnum granulatum cytochrome oxidase subunit I (COI) gene partial cds mitochondrial",0.167
"DIME","Didemnum vexillum","JQ663513.1 Didemnum vexillum haplotype 19 cytochrome oxidase subunit 1 (co1) gene partial cds mitochondrial",0.167
"DIME","Didemnum vexillum","JQ663514.1 Didemnum vexillum haplotype 20 cytochrome oxidase subunit 1 (co1) gene partial cds mitochondrial",0.167
"DIME","Didemnum vexillum","OQ430773.1 Didemnum vexillum isolate SY230208 cytochrome c oxidase subunit I (COX1) gene partial cds mitochondrial",0.167
"DIME","Didemnum vexillum","JF738063.1 Didemnum vexillum haplotype 11 cytochrome oxidase subunit I (COI) gene partial cds mitochondrial",0.167
"DIME","Lissoclinum midui","MN586612.1 Lissoclinum midui isolate M3 cytochrome oxidase subunit 1 gene partial cds mitochondrial",0.166
"DIME","Lissoclinum midui","MN586611.1 Lissoclinum midui isolate M2 cytochrome oxidase subunit 1 gene partial cds mitochondrial",0.166
"DIME","Lissoclinum midui","MN586610.1 Lissoclinum midui isolate M1 cytochrome oxidase subunit 1 gene partial cds mitochondrial",0.166
"DIME","Leptoclinides madara","KC017427.1 Leptoclinides madara cytochrome c oxidase subunit I (COX1) gene partial cds mitochondrial",0.165
"DIME","Lissoclinum badium","KC017428.1 Lissoclinum badium cytochrome c oxidase subunit I (COX1) gene partial cds mitochondrial",0.165
"DIME","Lissoclinum perforatum","MN586616.1 Lissoclinum perforatum isolate LPS1 cytochrome oxidase subunit 1 gene partial cds mitochondrial",0.165
"DIME","Didemnum mutabile","KU221223.1 Didemnum mutabile voucher UF_691 cytochrome oxidase subunit I (COI) gene partial cds mitochondrial",0.164
"DIME","Didemnum mutabile","KU221207.1 Didemnum mutabile voucher UF_689 cytochrome oxidase subunit I (COI) gene partial cds mitochondrial",0.164
"DIME","Didemnum psammatode","EU742661.1 Didemnum psammatode voucher RMNH.UROCH.746 cytochrome oxidase 1 (COI) gene partial cds mitochondrial",0.164
"DIME","Didemnum psammatode","JN624758.1 Didemnum psammatode strain sri1 cytochrome C oxidase subunit I (COI) gene partial cds mitochondrial",0.164
"DIME","Didemnum psammatodes","KP779902.1 Didemnum psammatodes cytochrome oxidase subunit I (COI) gene partial cds mitochondrial",0.164
"DIME","Diplosoma listerianum","KU715283.1 Diplosoma listerianum voucher DBTIC99 cytochrome oxidase subunit I (COI) gene partial cds mitochondrial",0.163
"DIME","Diplosoma listerianum","KY235557.1 Diplosoma listerianum isolate GCTB cytochrome oxidase subunit I (COI) gene partial cds mitochondrial",0.16
"DIME","Didemnum cineraceum","KU221192.1 Didemnum cineraceum voucher ColBIO TL_839 cytochrome oxidase subunit I (COI) gene partial cds mitochondrial",0.159
"DIME","Diplosoma listerianum","MW446057.1 Diplosoma listerianum haplotype haplotype 73 cytochrome c oxidase subunit I (COX1) gene partial cds mitochondrial",0.156
"DIME","Diplosoma listerianum","MW446058.1 Diplosoma listerianum haplotype haplotype 74 cytochrome c oxidase subunit I (COX1) gene partial cds mitochondrial",0.156
"DIME","Diplosoma listerianum","KF791885.1 Diplosoma listerianum haplotype 19 cytochrome oxidase subunit I (COI) gene partial cds mitochondrial",0.156
"DIME","Diplosoma listerianum","KX650793.1 Diplosoma listerianum voucher DBTIC173 cytochrome oxidase subunit I (COI) gene partial cds mitochondrial",0.154
"DIME","Diplosoma listerianum","MW446042.1 Diplosoma listerianum haplotype haplotype 58 cytochrome c oxidase subunit I (COX1) gene partial cds mitochondrial",0.154
"DIME","Diplosoma listerianum","MW446037.1 Diplosoma listerianum haplotype haplotype 53 cytochrome c oxidase subunit I (COX1) gene partial cds mitochondrial",0.154
"DIME","Diplosoma listerianum","MW446038.1 Diplosoma listerianum haplotype haplotype 54 cytochrome c oxidase subunit I (COX1) gene partial cds mitochondrial",0.154
"DIME","Diplosoma listerianum","MW446040.1 Diplosoma listerianum haplotype haplotype 56 cytochrome c oxidase subunit I (COX1) gene partial cds mitochondrial",0.154
"DIME","Diplosoma listerianum","MW446054.1 Diplosoma listerianum haplotype haplotype 70 cytochrome c oxidase subunit I (COX1) gene partial cds mitochondrial",0.154
"DIME","Diplosoma listerianum","MW446041.1 Diplosoma listerianum haplotype haplotype 57 cytochrome c oxidase subunit I (COX1) gene partial cds mitochondrial",0.154
"DIME","Diplosoma listerianum","MW446043.1 Diplosoma listerianum haplotype haplotype 59 cytochrome c oxidase subunit I (COX1) gene partial cds mitochondrial",0.154
"DIME","Diplosoma listerianum","MW446044.1 Diplosoma listerianum haplotype haplotype 60 cytochrome c oxidase subunit I (COX1) gene partial cds mitochondrial",0.154
"DIME","Diplosoma listerianum","MW446048.1 Diplosoma listerianum haplotype haplotype 64 cytochrome c oxidase subunit I (COX1) gene partial cds mitochondrial",0.154
"DIME","Diplosoma listerianum","MW446055.1 Diplosoma listerianum haplotype haplotype 71 cytochrome c oxidase subunit I (COX1) gene partial cds mitochondrial",0.154
"DIME","Diplosoma listerianum","MW446050.1 Diplosoma listerianum haplotype haplotype 66 cytochrome c oxidase subunit I (COX1) gene partial cds mitochondrial",0.154
"DIME","Diplosoma listerianum","KF791889.1 Diplosoma listerianum haplotype 23 cytochrome oxidase subunit I (COI) gene partial cds mitochondrial",0.154
"DIME","Diplosoma listerianum","MW446060.1 Diplosoma listerianum haplotype haplotype 76 cytochrome c oxidase subunit I (COX1) gene partial cds mitochondrial",0.154
"DIME","Diplosoma listerianum","KF791884.1 Diplosoma listerianum haplotype 18 cytochrome oxidase subunit I (COI) gene partial cds mitochondrial",0.154
"DIME","Diplosoma listerianum","KF791886.1 Diplosoma listerianum haplotype 20 cytochrome oxidase subunit I (COI) gene partial cds mitochondrial",0.154
"DIME","Diplosoma listerianum","KF791888.1 Diplosoma listerianum haplotype 22 cytochrome oxidase subunit I (COI) gene partial cds mitochondrial",0.154
"DIME","Diplosoma listerianum","KF791887.1 Diplosoma listerianum haplotype 21 cytochrome oxidase subunit I (COI) gene partial cds mitochondrial",0.154
"DIME","Diplosoma listerianum","KX138497.1 Diplosoma listerianum voucher DBTIC124 cytochrome oxidase subunit I (COI) gene partial cds mitochondrial",0.154
"DIME","Diplosoma listerianum","MT637946.1 Diplosoma listerianum isolate 12Mar19-2-5 cytochrome oxidase subunit I (COI) gene partial cds mitochondrial",0.154
"DIME","Diplosoma listerianum","MW285103.1 Diplosoma listerianum isolate Apollo_Beach_FL_11 cytochrome c oxidase subunit I (COX1) gene partial cds mitochondrial",0.154
"DIME","Diplosoma listerianum","MW446049.1 Diplosoma listerianum haplotype haplotype 65 cytochrome c oxidase subunit I (COX1) gene partial cds mitochondrial",0.15
"DIME","Diplosoma listerianum","MW446039.1 Diplosoma listerianum haplotype haplotype 55 cytochrome c oxidase subunit I (COX1) gene partial cds mitochondrial",0.142
"DIME","Didemnum fulgens","KJ725152.1 Didemnum fulgens isolate GAASC1 cytochrome c oxidase subunit 1 (COI) gene partial cds mitochondrial",0.135
"DIME","Polysyncraton maurizeliae","KR604727.1 Polysyncraton maurizeliae voucher ColBIO TL61 cytochrome oxidase subunit I (COI) gene partial cds mitochondrial",0.119
"DIME","Diplosoma listerianum","KF791902.1 Diplosoma listerianum haplotype 36 cytochrome oxidase subunit I (COI) gene partial cds mitochondrial",0.107
