Assay,Taxon,Amp,Genus
CMCP_1,Barbus callensis,0.788,Barbus
CMCP_3,Luciobarbus leptopogon,0.788,Luciobarbus
CMCP_1,Barbus biscarensis,0.691,Barbus
CMCP_3,Luciobarbus biscarensis,0.691,Luciobarbus
CMCP_1,Barbus brachycephalus,0.658,Barbus
CMCP_1,Barbus capito,0.658,Barbus
CMCP_3,Luciobarbus brachycephalus,0.658,Luciobarbus
CMCP_3,Luciobarbus capito,0.658,Luciobarbus
CMCP_1,Capoeta kosswigi,0.656,Capoeta
CMCP_1,Barbus pallaryi,0.635,Barbus
CMCP_1,Barbus longiceps,0.634,Barbus
CMCP_1,Capoeta barroisi,0.625,Capoeta
CMCP_1,Capoeta erhani,0.625,Capoeta
CMCP_1,Capoeta trutta,0.625,Capoeta
CMCP_1,Capoeta turani,0.625,Capoeta
CMCP_3,Luciobarbus guercifensis,0.625,Luciobarbus
CMCP_1,Barbus comiza,0.601,Barbus
CMCP_1,Barbus comizo,0.601,Barbus
CMCP_1,Barbus steindachneri,0.601,Barbus
CMCP_1,Barbus steindachnerii,0.601,Barbus
CMCP_3,Luciobarbus comizo,0.601,Luciobarbus
CMCP_1,Capoeta sieboldii,0.59,Capoeta
CMCP_1,Barbus albanicus,0.571,Barbus
CMCP_3,Luciobarbus pallaryi,0.567,Luciobarbus
CMCP_3,Luciobarbus rifensis,0.555,Luciobarbus
CMCP_1,Barbus apoensis,0.549,Barbus
CMCP_1,Barbus nasus,0.545,Barbus
CMCP_3,Luciobarbus yahyaouii,0.545,Luciobarbus
CMCP_3,Luciobarbus zayanensis,0.545,Luciobarbus
CMCP_1,Barbus xanthopterus,0.538,Barbus
CMCP_3,Luciobarbus barbulus,0.538,Luciobarbus
CMCP_supplement,Barbonymus gonionotus,0.538,Barbonymus
CMCP_1,Carassioides acuminatus,0.525,Carassioides
CMCP_1,Capoeta angorae,0.521,Capoeta
CMCP_1,Capoeta buhsei,0.521,Capoeta
CMCP_1,Capoeta caelestis,0.521,Capoeta
CMCP_1,Capoeta capoeta,0.521,Capoeta
CMCP_1,Capoeta coadi,0.521,Capoeta
CMCP_1,Capoeta ferdowsii,0.521,Capoeta
CMCP_supplement,Capoeta damascina,0.521,Capoeta
CMCP_1,Barbus meridionalis,0.511,Barbus
CMCP_1,Barbus graecus,0.489,Barbus
CMCP_1,Barbus pectoralis,0.489,Barbus
CMCP_1,Capoeta mandica,0.489,Capoeta
CMCP_3,Luciobarbus kottelati,0.489,Luciobarbus
CMCP_1,Barbus barbus,0.464,Barbus
CMCP_3,Luciocyprinus langsoni,0.461,Luciocyprinus
CMCP_1,Barbus balcanicus,0.448,Barbus
CMCP_1,Barbus carpathicus,0.448,Barbus
CMCP_1,Barbus esocinus,0.448,Barbus
CMCP_1,Barbus magniatlantis,0.448,Barbus
CMCP_1,Barbus petenyi,0.448,Barbus
CMCP_1,Barbus setivimensis,0.448,Barbus
CMCP_1,Capoeta aydinensis,0.448,Capoeta
CMCP_3,Luciobarbus maghrebensis,0.448,Luciobarbus
CMCP_3,Luciobarbus magniatlantis,0.448,Luciobarbus
CMCP_3,Luciobarbus nasus,0.448,Luciobarbus
CMCP_1,Barbus trispilos,0.441,Barbus
CMCP_1,Albulichthys albuloides,0.433,Albulichthys
CMCP_1,Barbus bocagei,0.427,Barbus
CMCP_3,Luciobarbus bocagei,0.427,Luciobarbus
CMCP_1,Barbodes schwanenfeldii,0.418,Barbodes
CMCP_1,Barbonymus altus,0.418,Barbonymus
CMCP_1,Capoeta pyragyi,0.417,Capoeta
CMCP_1,Capoeta shajariani,0.417,Capoeta
CMCP_1,Acrossocheilus yunnanensis,0.41,Acrossocheilus
CMCP_1,Bangana devdevi,0.402,Bangana
CMCP_1,Barbus strumicae,0.402,Barbus
CMCP_1,Capoeta fusca,0.401,Capoeta
CMCP_1,Barbus nyanzae,0.387,Barbus
CMCP_3,Lobocheilos melanotaenia,0.381,Lobocheilos
CMCP_1,Capoeta bergamae,0.38,Capoeta
CMCP_1,Capoeta_sp.,0.375,Capoeta_sp.
CMCP_5,Cyprinion macrostomum,0.375,Cyprinion
CMCP_1,Barbus borysthenicus,0.369,Barbus
CMCP_1,Barbus oligolepis,0.369,Barbus
CMCP_1,Capoeta aculeata,0.369,Capoeta
CMCP_1,Capoeta gracilis,0.369,Capoeta
CMCP_5,Spinibarbus caldwelli,0.358,Spinibarbus
CMCP_5,Spinibarbus denticulatus,0.358,Spinibarbus
CMCP_supplement,Rasbora einthovenii,0.352,Rasbora
CMCP_3,Onychostoma barbatum,0.347,Onychostoma
CMCP_3,Onychostoma fangi,0.347,Onychostoma
CMCP_1,Anematichthys repasson,0.343,Anematichthys
CMCP_1,Chondrostoma knerii,0.343,Chondrostoma
CMCP_1,Crossocheilus nigriloba,0.342,Crossocheilus
CMCP_1,Barbus prionacanthus,0.341,Barbus
CMCP_3,Onychostoma ovale,0.34,Onychostoma
CMCP_1,Barbus kubanicus,0.334,Barbus
CMCP_supplement,Dawkinsia denisonii,0.333,Dawkinsia
CMCP_1,Aulopyge huegelii,0.332,Aulopyge
CMCP_1,Barboides britzi,0.332,Barboides
CMCP_1,Barboides gracilis,0.332,Barboides
CMCP_1,Chondrostoma ceyhanensis,0.332,Chondrostoma
CMCP_1,Chondrostoma kinzelbachi,0.332,Chondrostoma
CMCP_1,Chondrostoma nasus,0.332,Chondrostoma
CMCP_1,Acrossocheilus hemispinus,0.331,Acrossocheilus
CMCP_1,Barbodes lateristriga,0.33,Barbodes
CMCP_1,Capoeta razii,0.33,Capoeta
CMCP_5,Striuntius lineatus,0.33,Striuntius
CMCP_1,Barbus subquincunciatus,0.328,Barbus
CMCP_1,Barbus castrasibutum,0.327,Barbus
CMCP_1,Chondrostoma angorense,0.327,Chondrostoma
CMCP_1,Chondrostoma beysehirense,0.327,Chondrostoma
CMCP_1,Chondrostoma cyri,0.327,Chondrostoma
CMCP_1,Chondrostoma oxyrhynchum,0.327,Chondrostoma
CMCP_1,Chondrostoma prespense,0.327,Chondrostoma
CMCP_1,Chondrostoma prespensis,0.327,Chondrostoma
CMCP_1,Chondrostoma vardarense,0.325,Chondrostoma
CMCP_1,Acrossocheilus longipinnis,0.324,Acrossocheilus
CMCP_1,Cirrhinus cirrhosus,0.323,Cirrhinus
CMCP_1,Cirrhinus microlepis,0.323,Cirrhinus
CMCP_supplement,Cirrhinus mrigala,0.323,Cirrhinus
CMCP_3,Labiobarbus ocellatus,0.321,Labiobarbus
CMCP_1,Barbus jae,0.319,Barbus
CMCP_supplement,Gobiobotia filifer,0.317,Gobiobotia
CMCP_1,Barbus ciscaucasicus,0.315,Barbus
CMCP_1,Barbus tauricus,0.315,Barbus
CMCP_1,Chondrostoma vardarensis,0.315,Chondrostoma
CMCP_3,Percocypris pingi,0.312,Percocypris
CMCP_3,Onychostoma macrolepis,0.306,Onychostoma
CMCP_3,Onychostoma virgulatum,0.306,Onychostoma
CMCP_1,Crossocheilus langei,0.305,Crossocheilus
CMCP_1,Achondrostoma salmantinum,0.303,Achondrostoma
CMCP_1,Barbus sublineatus,0.302,Barbus
CMCP_3,Oliotius oligolepis,0.302,Oliotius
CMCP_1,Chondrostoma phoxinus,0.299,Chondrostoma
CMCP_1,Chondrostoma toros,0.295,Chondrostoma
CMCP_1,Acrossocheilus wuyiensis,0.294,Acrossocheilus
CMCP_1,Chondrostoma holmwoodii,0.294,Chondrostoma
CMCP_3,Luciobarbus graellsii,0.291,Luciobarbus
CMCP_1,Barbus biharicus,0.289,Barbus
CMCP_1,Crossocheilus diplochilus,0.289,Crossocheilus
CMCP_5,Telestes pleurobipunctatus,0.289,Telestes
CMCP_supplement,Schizothorax lissolabiata,0.285,Schizothorax
CMCP_supplement,Schizothorax dolichonema,0.285,Schizothorax
CMCP_1,Chondrostoma arrigonis,0.284,Chondrostoma
CMCP_1,Chondrostoma toxostoma,0.284,Chondrostoma
CMCP_3,Parachondrostoma arrigonis,0.284,Parachondrostoma
CMCP_3,Luciobarbus rabatensis,0.283,Luciobarbus
CMCP_3,Luciosoma setigerum,0.281,Luciosoma
CMCP_1,Barbus holotaenia,0.28,Barbus
CMCP_5,Xenocypris fangi,0.28,Xenocypris
CMCP_1,Anematichthys apogon,0.279,Anematichthys
CMCP_1,Chondrostoma meandrense,0.279,Chondrostoma
CMCP_1,Barbus cyclolepis,0.278,Barbus
CMCP_5,Tor malabaricus,0.277,Tor
CMCP_3,Luciobarbus mursa,0.276,Luciobarbus
CMCP_1,Barbus miolepis,0.273,Barbus
CMCP_supplement,Tariqilabeo latius,0.273,Tariqilabeo
CMCP_1,Bangana dero,0.27,Bangana
CMCP_3,Onychostoma elongatum,0.269,Onychostoma
CMCP_1,Chondrostoma miegii,0.267,Chondrostoma
CMCP_3,Parachondrostoma miegii,0.267,Parachondrostoma
CMCP_1,Aspiorhynchus laticeps,0.266,Aspiorhynchus
CMCP_1,Capoeta mauricii,0.264,Capoeta
CMCP_1,Carassius langsdorfii,0.264,Carassius
CMCP_1,Acrossocheilus iridescens,0.263,Acrossocheilus
CMCP_1,Alburnoides eichwaldi,0.263,Alburnoides
CMCP_1,Alburnoides ohridanus,0.262,Alburnoides
CMCP_1,Alburnoides prespensis,0.262,Alburnoides
CMCP_1,Acrossocheilus parallens,0.261,Acrossocheilus
CMCP_3,Onychostoma angustistomata,0.261,Onychostoma
CMCP_1,Abramis sapa,0.26,Abramis
CMCP_1,Acrossocheilus paradoxus,0.26,Acrossocheilus
CMCP_1,Alburnoides devolli,0.259,Alburnoides
CMCP_3,Osteochilus schlegelii,0.258,Osteochilus
CMCP_3,Pethia nigrofasciata,0.256,Pethia
CMCP_5,Telestes miloradi,0.255,Telestes
CMCP_3,Mystacoleucus ectypus,0.254,Mystacoleucus
CMCP_3,Luciocyprinus striolatus,0.253,Luciocyprinus
CMCP_1,Barbus haasi,0.252,Barbus
CMCP_1,Barbus sclateri,0.252,Barbus
CMCP_3,Luciobarbus sclateri,0.252,Luciobarbus
CMCP_3,Microphysogobio koreensis,0.252,Microphysogobio
CMCP_1,Alburnoides bipunctatus,0.251,Alburnoides
CMCP_1,Capoeta banarescui,0.251,Capoeta
CMCP_3,Osteochilichthys thomassi,0.251,Osteochilichthys
CMCP_1,Chondrostoma occidentale,0.25,Chondrostoma
CMCP_5,Tor sinensis,0.249,Tor
CMCP_supplement,Ptychobarbus dipogon,0.249,Ptychobarbus
CMCP_1,Barbus fasciolatus,0.248,Barbus
CMCP_3,Luciobarbus callensis,0.248,Luciobarbus
CMCP_5,Carassius gibelio,0.247,Carassius
CMCP_3,Pethia stoliczkana,0.246,Pethia
CMCP_5,Squalidus multimaculatus,0.246,Squalidus
CMCP_supplement,Puntius ticto,0.246,Puntius
CMCP_1,Barbus mattozi,0.245,Barbus
CMCP_5,Telestes beoticus,0.245,Telestes
CMCP_1,Alburnoides maculatus,0.244,Alburnoides
CMCP_1,Altigena wui,0.244,Altigena
CMCP_1,Bangana rendahli,0.244,Bangana
CMCP_supplement,Dawkinsia tambraparniei,0.244,Dawkinsia
CMCP_3,Mystacoleucus atridorsalis,0.243,Mystacoleucus
CMCP_3,Mystacoleucus lepturus,0.243,Mystacoleucus
CMCP_3,Luciobarbus setivimensis,0.242,Luciobarbus
CMCP_3,Onychostoma barbatulum,0.242,Onychostoma
CMCP_3,Osteobrama feae,0.242,Osteobrama
CMCP_1,Barbodes carnaticus,0.241,Barbodes
CMCP_3,Leuciscus peloponnensis,0.241,Leuciscus
CMCP_1,Amblyrhynchichthys truncatus,0.239,Amblyrhynchichthys
CMCP_3,Phoxinellus pseudalepidotus,0.239,Phoxinellus
CMCP_1,Acanthobrama mirabilis,0.238,Acanthobrama
CMCP_1,Cosmochilus cardinalis,0.238,Cosmochilus
CMCP_1,Cosmochilus harmandi,0.238,Cosmochilus
CMCP_5,Vimba mirabilis,0.238,Vimba
CMCP_5,Spinibarbus sinensis,0.237,Spinibarbus
CMCP_3,Oreinus meridionalis,0.236,Oreinus
CMCP_3,Oreinus rotundimaxillaris,0.236,Oreinus
CMCP_3,Osteochilus waandersii,0.236,Osteochilus
CMCP_supplement,Systomus sarana,0.236,Systomus
CMCP_1,Alburnoides kosswigi,0.235,Alburnoides
CMCP_1,Chondrostoma duriense,0.235,Chondrostoma
CMCP_1,Chondrostoma willkommii,0.235,Chondrostoma
CMCP_3,Osteochilus microcephalus,0.235,Osteochilus
CMCP_5,Spinibarbus hollandi,0.235,Spinibarbus
CMCP_1,Alburnoides eichwaldii,0.234,Alburnoides
CMCP_1,Chagunius nicholsi,0.234,Chagunius
CMCP_1,Barbichthys laevis,0.233,Barbichthys
CMCP_1,Crossocheilus atrilimes,0.233,Crossocheilus
CMCP_1,Abramis bjoerkna,0.232,Abramis
CMCP_1,Abramis brama,0.232,Abramis
CMCP_1,Acrossocheilus spinifer,0.232,Acrossocheilus
CMCP_1,Alburnoides brama,0.232,Alburnoides
CMCP_1,Barbus bigornei,0.232,Barbus
CMCP_1,Barbus euboicus,0.232,Barbus
CMCP_5,Tincatinca,0.232,Tincatinca
CMCP_5,Vimba vimba,0.232,Vimba
CMCP_5,Garra lorestanensis,0.231,Garra
CMCP_3,Leuciscus peloponnesis,0.231,Leuciscus
CMCP_3,Notropis nazas,0.231,Notropis
CMCP_3,Onychostoma minnanense,0.231,Onychostoma
CMCP_5,Squalius cii,0.231,Squalius
CMCP_5,Squalius moreoticus,0.231,Squalius
CMCP_5,Squalius peloponensis,0.231,Squalius
CMCP_5,Squalius squalus,0.231,Squalius
CMCP_1,Abramis ballerus,0.23,Abramis
CMCP_1,Alburnus heckeli,0.23,Alburnus
CMCP_1,Alburnus mossulensis,0.23,Alburnus
CMCP_1,Alburnus sellal,0.23,Alburnus
CMCP_1,Ballerus ballerus,0.23,Ballerus
CMCP_5,Blicca bjoerkna,0.23,Blicca
CMCP_1,Chalcalburnus mossulensis,0.23,Chalcalburnus
CMCP_3,Notropis ammophilus,0.23,Notropis
CMCP_5,Squalius lepidus,0.23,Squalius
CMCP_1,Acheilognathus yamatsutae,0.228,Acheilognathus
CMCP_1,Achondrostoma oligolepis,0.228,Achondrostoma
CMCP_1,Barbus anoplus,0.228,Barbus
CMCP_1,Chondrostoma macrolepidotus,0.228,Chondrostoma
CMCP_3,Leuciscus turskyi,0.228,Leuciscus
CMCP_3,Osteochilus salsburyi,0.228,Osteochilus
CMCP_5,Squalius tenellus,0.228,Squalius
CMCP_5,Telestes turskyi,0.228,Telestes
CMCP_supplement,Mylocheilus caurinus,0.228,Mylocheilus
CMCP_5,Squalidus atromaculatus,0.227,Squalidus
CMCP_5,Tor yingjiangensis,0.227,Tor
CMCP_3,Neolissochilus stracheyi,0.226,Neolissochilus
CMCP_3,Onychostoma krongnoensis,0.226,Onychostoma
CMCP_supplement,Raiamas steindachneri,0.226,Raiamas
CMCP_1,Chrosomus oreas,0.224,Chrosomus
CMCP_5,Systomus asoka,0.224,Systomus
CMCP_1,Barbodes wynaadensis,0.223,Barbodes
CMCP_1,Crossocheilus reticulatus,0.223,Crossocheilus
CMCP_3,Lythrurus roseipinnis,0.223,Lythrurus
CMCP_3,Osteochilus nashii,0.223,Osteochilus
CMCP_5,Squalius laietanus,0.222,Squalius
CMCP_1,Chelaethiops bibie,0.221,Chelaethiops
CMCP_1,Chondrostoma genei,0.221,Chondrostoma
CMCP_3,Notropis hudsonius,0.221,Notropis
CMCP_1,Acheilognathus intermedia,0.22,Acheilognathus
CMCP_5,Tanakia lanceolata,0.22,Tanakia
CMCP_1,Barbus wurtzi,0.219,Barbus
CMCP_3,Phoxinellus metohiensis,0.219,Phoxinellus
CMCP_5,Telestes dabar,0.219,Telestes
CMCP_5,Telestes metohiensis,0.219,Telestes
CMCP_5,Vimba elongata,0.218,Vimba
CMCP_1,Barbodes heterostomus,0.217,Barbodes
CMCP_3,Neolissochilus hendersoni,0.217,Neolissochilus
CMCP_3,Neolissochilus soroides,0.217,Neolissochilus
CMCP_3,Pethia padamya,0.217,Pethia
CMCP_5,Tor duronensis,0.217,Tor
CMCP_5,Tor khudree,0.217,Tor
CMCP_1,Chondrostoma lusitanicum,0.216,Chondrostoma
CMCP_3,Notropis calientis,0.216,Notropis
CMCP_5,Vimba melanops,0.216,Vimba
CMCP_1,Acrossocheilus fasciatus,0.215,Acrossocheilus
CMCP_3,Microphysogobio chenhsienensis,0.215,Microphysogobio
CMCP_3,Onychostoma gerlachi,0.215,Onychostoma
CMCP_3,Onychostoma simum,0.215,Onychostoma
CMCP_3,Phoxinellus alepidotus,0.215,Phoxinellus
CMCP_1,Chondrostoma turiensis,0.214,Chondrostoma
CMCP_3,Parachondrostoma turiense,0.214,Parachondrostoma
CMCP_3,Pelasgus laconicus,0.214,Pelasgus
CMCP_3,Pethia lutea,0.214,Pethia
CMCP_1,Cirrhinus molitorella,0.213,Cirrhinus
CMCP_1,Alburnus demiri,0.212,Alburnus
CMCP_3,Phoxinellus croaticus,0.212,Phoxinellus
CMCP_1,Acheilognathus meridianus,0.211,Acheilognathus
CMCP_1,Alburnoides thessalicus,0.21,Alburnoides
CMCP_1,Alburnus thessalicus,0.21,Alburnus
CMCP_3,Notropis amecae,0.21,Notropis
CMCP_3,Onychostoma alticorpus,0.21,Onychostoma
CMCP_1,Acrossocheilus beijiangensis,0.209,Acrossocheilus
CMCP_1,Alburnoides strymonicus,0.209,Alburnoides
CMCP_5,Alburnus chalcoides,0.209,Alburnus
CMCP_1,Barbus wynaadensis,0.209,Barbus
CMCP_1,Megalobrama amblycephala x Megalobrama terminalis x Megalobrama amblycephala x Megalobrama terminalis,0.209,Megalobrama
CMCP_3,Neolissochilus baoshanensis,0.209,Neolissochilus
CMCP_3,Oreinus dulongensis,0.209,Oreinus
CMCP_3,Oreinus molesworthi,0.209,Oreinus
CMCP_3,Oreinus myzostomus,0.209,Oreinus
CMCP_3,Phreatichthys andruzzii,0.209,Phreatichthys
CMCP_5,Systomus orphoides,0.209,Systomus
CMCP_5,Triploid Megalobrama,0.209,Triploid
CMCP_5,Scardinius erythrophthalmus,0.209,Scardinius
CMCP_1,Alburnus filippi,0.208,Alburnus
CMCP_supplement,Leptobarbus hoevenii,0.208,Leptobarbus
CMCP_1,Altigena yunnanensis,0.207,Altigena
CMCP_1,Anaecypris hispanica,0.207,Anaecypris
CMCP_1,Barbus fritschii,0.207,Barbus
CMCP_1,Carasobarbus fritschii,0.207,Carasobarbus
CMCP_1,Chondrostoma lemmingii,0.207,Chondrostoma
CMCP_1,Iberochondrostoma lemmingii,0.207,Iberochondrostoma
CMCP_3,Phoxinellus krbavensis,0.207,Phoxinellus
CMCP_3,Phoxinus phoxinus,0.207,Phoxinus
CMCP_5,Squalius cephalus,0.207,Squalius
CMCP_5,Squalius orpheus,0.207,Squalius
CMCP_5,Squalius prespensis,0.207,Squalius
CMCP_1,Acheilognathus imberbis,0.206,Acheilognathus
CMCP_3,Leuciscus borysthenicus,0.206,Leuciscus
CMCP_3,Notropis edwardraneyi,0.206,Notropis
CMCP_3,Petroleuciscus borysthenicus,0.206,Petroleuciscus
CMCP_1,Acanthobrama terraesanctae,0.205,Acanthobrama
CMCP_3,Leuciscus zrmanjae,0.205,Leuciscus
CMCP_3,Notropis chalybaeus,0.205,Notropis
CMCP_3,Phoxinus steindachneri,0.205,Phoxinus
CMCP_5,Squalius svallize,0.205,Squalius
CMCP_5,Squalius zrmanjae,0.205,Squalius
CMCP_supplement,Amblypharyngodon mola,0.205,Amblypharyngodon
CMCP_1,Acrossocheilus monticola,0.204,Acrossocheilus
CMCP_1,Arabibarbus hadhrami,0.204,Arabibarbus
CMCP_3,Macrhybopsis storeriana,0.204,Macrhybopsis
CMCP_3,Phoxinus oreas,0.204,Phoxinus
CMCP_1,Anabarilius polylepis,0.203,Anabarilius
CMCP_1,Chondrostoma polylepis,0.203,Chondrostoma
CMCP_3,Labeobarbus longidorsalis,0.203,Labeobarbus
CMCP_3,Labeobarbus mawambiensis,0.203,Labeobarbus
CMCP_3,Notropis moralesi,0.203,Notropis
CMCP_3,Pelasgus epiroticus,0.203,Pelasgus
CMCP_5,Varicorhinus mariae,0.203,Varicorhinus
CMCP_5,Varicorhinus sandersi,0.203,Varicorhinus
CMCP_5,Varicorhinus steindachneri,0.203,Varicorhinus
CMCP_1,Acanthobrama persidis,0.202,Acanthobrama
CMCP_1,Aspiolucius esocinus,0.202,Aspiolucius
CMCP_3,Opsarius bakeri,0.202,Opsarius
CMCP_3,Petroleuciscus persidis,0.202,Petroleuciscus
CMCP_1,Capoeta tinca,0.201,Capoeta
CMCP_3,Lythrurus lirus,0.201,Lythrurus
CMCP_1,Acheilognathus omeiensis,0.2,Acheilognathus
CMCP_1,Caecobarbus geertsii,0.2,Caecobarbus
CMCP_3,Labeo yunnanensis,0.2,Labeo
CMCP_3,Leuciscus lucumonis,0.2,Leuciscus
CMCP_5,Squalius lucumonis,0.2,Squalius
CMCP_5,Squalius microlepis,0.2,Squalius
CMCP_1,Barbus prespensis,0.199,Barbus
CMCP_1,Barbus rebeli,0.199,Barbus
CMCP_3,Notropis baileyi,0.199,Notropis
CMCP_5,Acheilognathus signifer,0.198,Acheilognathus
CMCP_1,Barbus guiraonis,0.198,Barbus
CMCP_1,Barbus microcephalus,0.198,Barbus
CMCP_3,Leuciscus waleckii,0.198,Leuciscus
CMCP_3,Luciobarbus microcephalus,0.198,Luciobarbus
CMCP_3,Lythrurus bellus,0.198,Lythrurus
CMCP_3,Macrochirichthys macrochirus,0.198,Macrochirichthys
CMCP_3,Mesobola brevianalis,0.198,Mesobola
CMCP_3,Notropis asperifrons,0.198,Notropis
CMCP_3,Notropis petersoni,0.198,Notropis
CMCP_5,Trigonopoma gracile,0.198,Trigonopoma
CMCP_1,Chrosomus erythrogaster,0.196,Chrosomus
CMCP_1,Clinostomus elongatus,0.196,Clinostomus
CMCP_3,Leuciscus aradensis,0.196,Leuciscus
CMCP_3,Phoxinus bigerri,0.196,Phoxinus
CMCP_5,Squalius aradensis,0.196,Squalius
CMCP_5,Tor hemispinus,0.196,Tor
CMCP_1,Acheilognathus tonkinensis,0.195,Acheilognathus
CMCP_1,Barbodes everetti,0.195,Barbodes
CMCP_1,Chondrostoma olisiponensis,0.195,Chondrostoma
CMCP_3,Phoxinus tennesseensis,0.195,Phoxinus
CMCP_1,Catla catla,0.194,Catla
CMCP_3,Leuciscus smyrnaeus,0.194,Leuciscus
CMCP_3,Opsaridium peringueyi,0.194,Opsaridium
CMCP_5,Squalius agdamicus,0.194,Squalius
CMCP_5,Squalius fellowesii,0.194,Squalius
CMCP_5,Squalius platyceps,0.194,Squalius
CMCP_5,Squalius vardarensis,0.194,Squalius
CMCP_5,Tor tambra,0.194,Tor
CMCP_1,Alburnus scoranza,0.193,Alburnus
CMCP_1,Barbus polylepis,0.193,Barbus
CMCP_3,Neolissochilus heterostomus,0.193,Neolissochilus
CMCP_5,Tampichthys ipni,0.193,Tampichthys
CMCP_5,Varicorhinus nelspruitensis,0.193,Varicorhinus
CMCP_1,Alburnoides emineae,0.192,Alburnoides
CMCP_1,Barbus perince,0.192,Barbus
CMCP_3,Leuciscus carolitertii,0.192,Leuciscus
CMCP_3,Luxilus cornutus,0.192,Luxilus
CMCP_3,Lythrurus atrapiculus,0.192,Lythrurus
CMCP_3,Pachychilon macedonicus,0.192,Pachychilon
CMCP_3,Pachychilon pictum,0.192,Pachychilon
CMCP_3,Pachychilon pictus,0.192,Pachychilon
CMCP_5,Squalius carolitertii,0.192,Squalius
CMCP_1,Capoeta ekmekciae,0.191,Capoeta
CMCP_3,Lavinia exilicauda,0.191,Lavinia
CMCP_3,Megalobrama pellegrini,0.191,Megalobrama
CMCP_3,Megalobrama skolokovii,0.191,Megalobrama
CMCP_3,Megalobrama terminalis,0.191,Megalobrama
CMCP_3,Paracrossochilus vittatus,0.191,Paracrossochilus
CMCP_5,Squalius berak,0.191,Squalius
CMCP_5,Tropidophoxinellus spartiaticus,0.191,Tropidophoxinellus
CMCP_supplement,Hypophthalmichthys nobilis,0.191,Hypophthalmichthys
CMCP_1,Barbus brazzai,0.19,Barbus
CMCP_1,Barbus macedonicus,0.19,Barbus
CMCP_1,Barbus tyberinus,0.19,Barbus
CMCP_3,Lythrurus snelsoni,0.19,Lythrurus
CMCP_3,Macrhybopsis gelida,0.19,Macrhybopsis
CMCP_3,Neobola bottegoi,0.19,Neobola
CMCP_3,Pachychilon macedonicum,0.19,Pachychilon
CMCP_3,Phoxinellus prespensis,0.19,Phoxinellus
CMCP_1,Barbus johnstonii,0.189,Barbus
CMCP_1,Barbus marequensis,0.189,Barbus
CMCP_3,Labeobarbus johnstonii,0.189,Labeobarbus
CMCP_3,Labiobarbus leptocheilus,0.189,Labiobarbus
CMCP_3,Neolissochilus hexagonolepis,0.189,Neolissochilus
CMCP_1,Barbus aeneus,0.188,Barbus
CMCP_1,Barbus hulstaerti,0.188,Barbus
CMCP_1,Chondrostoma fahirae,0.188,Chondrostoma
CMCP_3,Notropis altipinnis,0.188,Notropis
CMCP_3,Notropis boucardi,0.188,Notropis
CMCP_1,Barbodes binotatus,0.187,Barbodes
CMCP_1,Chrosomus tennesseensis,0.187,Chrosomus
CMCP_1,Codoma ornata,0.187,Codoma
CMCP_3,Labeobarbus beso,0.187,Labeobarbus
CMCP_3,Labeobarbus caudovittatus,0.187,Labeobarbus
CMCP_3,Leuciscus lepidus,0.187,Leuciscus
CMCP_3,Margariscus margarita,0.187,Margariscus
CMCP_3,Notropis heterolepis,0.187,Notropis
CMCP_3,Petroleuciscus smyrnaeus,0.187,Petroleuciscus
CMCP_3,Phoxinellus jadovensis,0.187,Phoxinellus
CMCP_5,Tor qiaojiensis,0.187,Tor
CMCP_5,Varicorhinus beso,0.187,Varicorhinus
CMCP_1,Brevibora dorsiocellata,0.186,Brevibora
CMCP_5,Yuriria amatlana,0.186,Yuriria
CMCP_5,Yuriria chapalae,0.186,Yuriria
CMCP_1,Acanthalburnus microlepis,0.185,Acanthalburnus
CMCP_1,Acanthobrama microlepis,0.185,Acanthobrama
CMCP_1,Alburnus kotschyi,0.185,Alburnus
CMCP_3,Leuciscus muticellus,0.185,Leuciscus
CMCP_3,Leuciscus souffia,0.185,Leuciscus
CMCP_5,Telestes montenegrinus,0.185,Telestes
CMCP_5,Telestes muticellus,0.185,Telestes
CMCP_5,Tropidophoxinellus hellenicus,0.185,Tropidophoxinellus
CMCP_4,Rhinichthys atratulus,0.185,Rhinichthys
CMCP_1,Acheilognathus polylepis,0.184,Acheilognathus
CMCP_1,Alburnus albidus,0.184,Alburnus
CMCP_3,Luciobarbus guiraonis,0.184,Luciobarbus
CMCP_3,Onychostoma lini,0.184,Onychostoma
CMCP_3,Pelecus cultratus,0.184,Pelecus
CMCP_3,Notropis rubricroceus,0.183,Notropis
CMCP_1,Alburnoides economoui,0.182,Alburnoides
CMCP_1,Capoeta antalyensis,0.182,Capoeta
CMCP_1,Capoeta baliki,0.182,Capoeta
CMCP_1,Cophecheilus bamen,0.182,Cophecheilus
CMCP_1,Ctenopharyngodon idellus,0.182,Ctenopharyngodon
CMCP_3,Leuciscus illyricus,0.182,Leuciscus
CMCP_3,Phoxinellus dalmaticus,0.182,Phoxinellus
CMCP_5,Squalius illyricus,0.182,Squalius
CMCP_5,Telestes karsticus,0.182,Telestes
CMCP_5,Rhodeus sinensis,0.182,Rhodeus
CMCP_supplement,Ctenopharyngodon idella,0.182,Ctenopharyngodon
CMCP_1,Alburnus alburnus,0.181,Alburnus
CMCP_1,Alburnus_sp.,0.181,Alburnus_sp.
CMCP_1,Carassius cuvieri,0.181,Carassius
CMCP_3,Labeobarbus compiniei,0.181,Labeobarbus
CMCP_3,Leuciscus pyrenaicus,0.181,Leuciscus
CMCP_3,Ochetobius elongatus,0.181,Ochetobius
CMCP_3,Pethia melanomaculata,0.181,Pethia
CMCP_5,Squalius alburnoides,0.181,Squalius
CMCP_5,Squalius pyrenaicus,0.181,Squalius
CMCP_5,Squalius valentinus,0.181,Squalius
CMCP_5,Telestes croaticus,0.181,Telestes
CMCP_5,Telestes souffia,0.181,Telestes
CMCP_5,Yuriria alta,0.181,Yuriria
CMCP_3,Lythrurus umbratilis,0.18,Lythrurus
CMCP_3,Macrhybopsis hyostoma,0.18,Macrhybopsis
CMCP_3,Macrhybopsis meeki,0.18,Macrhybopsis
CMCP_3,Macrhybopsis tetranema,0.18,Macrhybopsis
CMCP_3,Moapa coriacea,0.18,Moapa
CMCP_3,Mesogobio lachneri,0.179,Mesogobio
CMCP_3,Pethia narayani,0.179,Pethia
CMCP_4,Rhinichthys obtusus,0.179,Rhinichthys
CMCP_4,Semotilus lumbee,0.179,Semotilus
CMCP_1,Ancherythroculter nigrocauda,0.178,Ancherythroculter
CMCP_1,Barbus ethiopicus,0.178,Barbus
CMCP_1,Barbus thysi,0.178,Barbus
CMCP_1,Clinostomus funduloides,0.178,Clinostomus
CMCP_3,Lythrurus ardens,0.178,Lythrurus
CMCP_3,Lythrurus fasciolaris,0.178,Lythrurus
CMCP_1,Aphyocypris arcus,0.177,Aphyocypris
CMCP_1,Barbus viviparus,0.177,Barbus
CMCP_3,Notropis atherinoides,0.177,Notropis
CMCP_3,Notropis buchanani,0.177,Notropis
CMCP_3,Notropis chiliticus,0.177,Notropis
CMCP_3,Notropis cummingsae,0.177,Notropis
CMCP_3,Notropis leuciodus,0.177,Notropis
CMCP_3,Notropis simus,0.177,Notropis
CMCP_5,Yaoshanicus arcus,0.177,Yaoshanicus
CMCP_4,Rhodeus uyekii,0.177,Rhodeus
CMCP_supplement,Osteobrama cotio,0.177,Osteobrama
CMCP_1,Acheilognathus somjinensis,0.176,Acheilognathus
CMCP_1,Barbus humilis,0.176,Barbus
CMCP_1,Barbus trispilopleura,0.176,Barbus
CMCP_1,Barilius mesopotamicus,0.176,Barilius
CMCP_3,Leuciscus polylepis,0.176,Leuciscus
CMCP_3,Notropis semperasper,0.176,Notropis
CMCP_3,Notropis stramineus,0.176,Notropis
CMCP_2,Pseudorasbora elongata,0.176,Pseudorasbora
CMCP_5,Tanakia tanago,0.176,Tanakia
CMCP_1,Acrossocheilus jishouensis,0.175,Acrossocheilus
CMCP_3,Leuciscus aspius,0.175,Leuciscus
CMCP_3,Notropis braytoni,0.175,Notropis
CMCP_5,Squalidus wolterstorffi,0.175,Squalidus
CMCP_5,Squalius torgalensis,0.175,Squalius
CMCP_4,Rutilus heckelii,0.175,Rutilus
CMCP_1,Algansea tincella,0.174,Algansea
CMCP_1,Aspius aspius,0.174,Aspius
CMCP_1,Biwia springeri,0.174,Biwia
CMCP_1,Brevibora cheeya,0.174,Brevibora
CMCP_2,Pteronotropis hubbsi,0.174,Pteronotropis
CMCP_5,Rutilus rutilus,0.174,Rutilus
CMCP_5,Arabibarbus grypus,0.173,Arabibarbus
CMCP_1,Belligobio nummifer,0.173,Belligobio
CMCP_1,Campostoma oligolepis,0.173,Campostoma
CMCP_3,Neolissochilus hexastichus,0.173,Neolissochilus
CMCP_3,Notropis maculatus,0.173,Notropis
CMCP_3,Osteobrama cunma,0.173,Osteobrama
CMCP_3,Phoxinellus ghetaldii,0.173,Phoxinellus
CMCP_5,Squalidus chankaensis,0.173,Squalidus
CMCP_5,Toxabramis houdemeri,0.173,Toxabramis
CMCP_1,Acapoeta tanganicae,0.172,Acapoeta
CMCP_1,Aspidoparia morar,0.172,Aspidoparia
CMCP_1,Barbus harterti,0.172,Barbus
CMCP_1,Carasobarbus harterti,0.172,Carasobarbus
CMCP_3,Leuciscus keadicus,0.172,Leuciscus
CMCP_3,Microphysogobio tungtingensis,0.172,Microphysogobio
CMCP_3,Notropis blennius,0.172,Notropis
CMCP_2,Pteronotropis harperi,0.172,Pteronotropis
CMCP_5,Squalius keadicus,0.172,Squalius
CMCP_supplement,Cabdio morar,0.172,Cabdio
CMCP_1,Abbottina obtusirostris,0.171,Abbottina
CMCP_1,Achondrostoma arcasii,0.171,Achondrostoma
CMCP_1,Alburnus escherichii,0.171,Alburnus
CMCP_1,Alburnus filippii,0.171,Alburnus
CMCP_1,Alburnus hohenackeri,0.171,Alburnus
CMCP_1,Anematichthys armatus,0.171,Anematichthys
CMCP_1,Chondrostoma arcasii,0.171,Chondrostoma
CMCP_3,Notropis lutipinnis,0.171,Notropis
CMCP_3,Notropis ortenburgeri,0.171,Notropis
CMCP_5,Squalius pursakensis,0.171,Squalius
CMCP_1,Coreius guichenoti,0.17,Coreius
CMCP_3,Microphysogobio elongatus,0.17,Microphysogobio
CMCP_3,Microphysogobio longidorsalis,0.17,Microphysogobio
CMCP_3,Notropis potteri,0.17,Notropis
CMCP_3,Opsariichthys evolans,0.17,Opsariichthys
CMCP_3,Pethia cumingii,0.17,Pethia
CMCP_5,Squaliobarbus curriculus,0.17,Squaliobarbus
CMCP_1,Barbus trimaculatus,0.169,Barbus
CMCP_3,Nocomis micropogon,0.169,Nocomis
CMCP_3,Notropis dorsalis,0.169,Notropis
CMCP_3,Notropis mekistocholas,0.169,Notropis
CMCP_3,Phoxinellus fontinalis,0.169,Phoxinellus
CMCP_5,Telestes fontinalis,0.169,Telestes
CMCP_1,Algansea barbata,0.168,Algansea
CMCP_1,Barbus canis,0.168,Barbus
CMCP_1,Barbus chantrei,0.168,Barbus
CMCP_1,Campostoma pauciradii,0.168,Campostoma
CMCP_1,Carasobarbus canis,0.168,Carasobarbus
CMCP_1,Carasobarbus chantrei,0.168,Carasobarbus
CMCP_1,Carasobarbus exulatus,0.168,Carasobarbus
CMCP_1,Chondrostoma duriensis,0.168,Chondrostoma
CMCP_1,Crossocheilus oblongus,0.168,Crossocheilus
CMCP_3,Labeobarbus macroceps,0.168,Labeobarbus
CMCP_3,Nocomis raneyi,0.168,Nocomis
CMCP_3,Pethia nigripinna,0.168,Pethia
CMCP_1,Barilius vagra,0.167,Barilius
CMCP_3,Neolissochilus benasi,0.167,Neolissochilus
CMCP_3,Oreichthys parvus,0.167,Oreichthys
CMCP_2,Pseudophoxinus zekayi,0.167,Pseudophoxinus
CMCP_5,Squalidus japonicus,0.167,Squalidus
CMCP_4,Rhodeus amurensis,0.167,Rhodeus
CMCP_4,Rutilus frisii,0.167,Rutilus
CMCP_supplement,Leucaspius delineatus,0.167,Leucaspius
CMCP_1,Algansea amecae,0.166,Algansea
CMCP_1,Algansea lacustris,0.166,Algansea
CMCP_1,Anabarilius duoyiheensis,0.166,Anabarilius
CMCP_1,Barbus erubescens,0.166,Barbus
CMCP_3,Notropis scepticus,0.166,Notropis
CMCP_3,Parasinilabeo longicorpus,0.166,Parasinilabeo
CMCP_1,Alburnus belvica,0.165,Alburnus
CMCP_1,Anabarilius andersoni,0.165,Anabarilius
CMCP_1,Ancherythroculter lini,0.165,Ancherythroculter
CMCP_1,Barbus calidus,0.165,Barbus
CMCP_1,Barbus tanapelagius,0.165,Barbus
CMCP_1,Chalcalburnus belvica,0.165,Chalcalburnus
CMCP_3,Luxilus albeolus,0.165,Luxilus
CMCP_3,Lythrurus fumeus,0.165,Lythrurus
CMCP_3,Notropis melanostomus,0.165,Notropis
CMCP_3,Notropis volucellus,0.165,Notropis
CMCP_3,Oreichthys crenuchoides,0.165,Oreichthys
CMCP_5,Squalidus iijimae,0.165,Squalidus
CMCP_5,Squalidus nitens,0.165,Squalidus
CMCP_4,Rhodeus shitaiensis,0.165,Rhodeus
CMCP_supplement,Culter recurviceps,0.165,Culter
CMCP_1,Acanthobrama lissneri,0.164,Acanthobrama
CMCP_1,Acheilognathus longipinnis,0.164,Acheilognathus
CMCP_3,Opsarius bernatziki,0.164,Opsarius
CMCP_3,Opsarius pulchellus,0.164,Opsarius
CMCP_3,Opsopoeodus emiliae,0.164,Opsopoeodus
CMCP_3,Phoxinellus adspersus,0.164,Phoxinellus
CMCP_3,Phoxinus strandjae,0.164,Phoxinus
CMCP_5,Squalius albus,0.164,Squalius
CMCP_1,Barilius barila,0.163,Barilius
CMCP_3,Mesogobio tumenensis,0.163,Mesogobio
CMCP_3,Notropis ozarcanus,0.163,Notropis
CMCP_3,Opsarius barnoides,0.163,Opsarius
CMCP_3,Pethia pookodensis,0.163,Pethia
CMCP_2,Pimephales vigilax,0.163,Pimephales
CMCP_4,Sarcocheilichthys biwaensis,0.163,Sarcocheilichthys
CMCP_1,Acrossocheilus kreyenbergii,0.162,Acrossocheilus
CMCP_1,Alburnus qalilus,0.162,Alburnus
CMCP_1,Barbus guirali,0.162,Barbus
CMCP_3,Lepidomeda vittata,0.162,Lepidomeda
CMCP_3,Notropis imeldae,0.162,Notropis
CMCP_3,Notropis topeka,0.162,Notropis
CMCP_5,Xenocypris argentea,0.162,Xenocypris
CMCP_4,Rasbora argyrotaenia,0.162,Rasbora
CMCP_4,Sarcocheilichthys kiangsiensis,0.162,Sarcocheilichthys
CMCP_1,Acheilognathus melanogaster,0.161,Acheilognathus
CMCP_1,Alburnoides kubanicus,0.161,Alburnoides
CMCP_1,Bangana tonkinensis,0.161,Bangana
CMCP_1,Barbus gananensis,0.161,Barbus
CMCP_1,Barbus sacratus,0.161,Barbus
CMCP_3,Labeobarbus gananensis,0.161,Labeobarbus
CMCP_3,Leptocypris niloticus,0.161,Leptocypris
CMCP_3,Microphysogobio kiatingensis,0.161,Microphysogobio
CMCP_3,Mystacoleucus marginatus,0.161,Mystacoleucus
CMCP_3,Notropis chihuahua,0.161,Notropis
CMCP_3,Notropis shumardi,0.161,Notropis
CMCP_3,Parasinilabeo longibarbus,0.161,Parasinilabeo
CMCP_5,Varicorhinus jubae,0.161,Varicorhinus
CMCP_supplement,Barilius bendelisis,0.161,Barilius
CMCP_3,Luxilus zonistius,0.16,Luxilus
CMCP_1,Acrocheilus alutaceus,0.159,Acrocheilus
CMCP_1,Barbus peloponnesius,0.159,Barbus
CMCP_3,Mekongina erythrospila,0.159,Mekongina
CMCP_3,Notropis perpallidus,0.159,Notropis
CMCP_3,Pelasgus prespensis,0.159,Pelasgus
CMCP_supplement,Amblypharyngodon chulabhornae,0.159,Amblypharyngodon
CMCP_1,Alburnus tarichi,0.158,Alburnus
CMCP_1,Anabarilius brevianalis,0.158,Anabarilius
CMCP_3,Microdevario nana,0.158,Microdevario
CMCP_3,Microdevario nanus,0.158,Microdevario
CMCP_3,Notropis chlorocephalus,0.158,Notropis
CMCP_3,Opsaridium boweni,0.158,Opsaridium
CMCP_3,Pimephales notatus,0.158,Pimephales
CMCP_4,Relictus solitarius,0.158,Relictus
CMCP_supplement,Phoxinus keumkang,0.158,Phoxinus
CMCP_1,Alburnus attalus,0.157,Alburnus
CMCP_1,Alburnus mandrensis,0.157,Alburnus
CMCP_1,Alburnus schischkovi,0.157,Alburnus
CMCP_1,Alburnus vistonicus,0.157,Alburnus
CMCP_1,Aspius vorax,0.157,Aspius
CMCP_1,Barbus leonensis,0.157,Barbus
CMCP_1,Brevibora exilis,0.157,Brevibora
CMCP_1,Chalcalburnus chalcoides,0.157,Chalcalburnus
CMCP_3,Leuciscus vorax,0.157,Leuciscus
CMCP_3,Pelasgus thesproticus,0.157,Pelasgus
CMCP_3,Phoxinus semotilus,0.157,Phoxinus
CMCP_4,Salmostoma bacaila,0.157,Salmostoma
CMCP_1,Alburnus baliki,0.156,Alburnus
CMCP_1,Barbus luteus,0.156,Barbus
CMCP_1,Carasobarbus apoensis,0.156,Carasobarbus
CMCP_1,Chela maasii,0.156,Chela
CMCP_1,Culter alburnus,0.156,Culter
CMCP_3,Lythrurus matutinus,0.156,Lythrurus
CMCP_3,Malayochela maassi,0.156,Malayochela
CMCP_3,Megalobrama amblycephala,0.156,Megalobrama
CMCP_3,Nocomis leptocephalus,0.156,Nocomis
CMCP_3,Notropis cahabae,0.156,Notropis
CMCP_3,Notropis grandis,0.156,Notropis
CMCP_3,Notropis scabriceps,0.156,Notropis
CMCP_2,Pseudophoxinus callensis,0.156,Pseudophoxinus
CMCP_2,Pseudophoxinus kervillei,0.156,Pseudophoxinus
CMCP_5,Squalidus argentatus,0.156,Squalidus
CMCP_5,Squalidus mantschuricus,0.156,Squalidus
CMCP_4,Puntigrus partipentazona,0.156,Puntigrus
CMCP_4,Puntius cauveriensis,0.156,Puntius
CMCP_4,Puntius kamalika,0.156,Puntius
CMCP_1,Biwia yodoensis,0.155,Biwia
CMCP_1,Chagunius baileyi,0.155,Chagunius
CMCP_3,Nocomis platyrhynchus,0.155,Nocomis
CMCP_3,Notropis ariommus,0.155,Notropis
CMCP_3,Oregonichthys kalawatseti,0.155,Oregonichthys
CMCP_3,Paralaubuca barroni,0.155,Paralaubuca
CMCP_3,Pararhinichthys bowersi,0.155,Pararhinichthys
CMCP_2,Platysmacheilus exiguus,0.155,Platysmacheilus
CMCP_1,Acrossocheilus wenchowensis,0.154,Acrossocheilus
CMCP_1,Ancherythroculter daovantieni,0.154,Ancherythroculter
CMCP_1,Aztecula sallaei,0.154,Aztecula
CMCP_1,Barbodes semifasciolatus,0.154,Barbodes
CMCP_1,Barbus bynni,0.154,Barbus
CMCP_1,Capoeta semifasciolata,0.154,Capoeta
CMCP_3,Ladislavia taczanowskii,0.154,Ladislavia
CMCP_3,Microphysogobio amurensis,0.154,Microphysogobio
CMCP_3,Microphysogobio jeoni,0.154,Microphysogobio
CMCP_3,Notropis amabilis,0.154,Notropis
CMCP_3,Notropis procne,0.154,Notropis
CMCP_3,Notropis sallaei,0.154,Notropis
CMCP_3,Opsopoeodus emilae,0.154,Opsopoeodus
CMCP_3,Paralaubuca riveroi,0.154,Paralaubuca
CMCP_3,Paralaubuca typus,0.154,Paralaubuca
CMCP_3,Phenacobius catostomus,0.154,Phenacobius
CMCP_5,Schizothorax plagiostomus,0.154,Schizothorax
CMCP_1,Aphyocypris chinensis,0.153,Aphyocypris
CMCP_1,Chanodichthys erythropterus,0.153,Chanodichthys
CMCP_5,Cyclocheilichthys apogon,0.153,Cyclocheilichthys
CMCP_3,Lepidopygopsis typus,0.153,Lepidopygopsis
CMCP_3,Metzia lineata,0.153,Metzia
CMCP_3,Metzia mesembrinum,0.153,Metzia
CMCP_3,Opsaridium ubangiense,0.153,Opsaridium
CMCP_3,Opsariichthys hainanensis,0.153,Opsariichthys
CMCP_3,Oregonichthys crameri,0.153,Oregonichthys
CMCP_3,Oregonichthys cramery,0.153,Oregonichthys
CMCP_3,Paedocypris progenetica,0.153,Paedocypris
CMCP_2,Pseudopungtungia tenuicorpus,0.153,Pseudopungtungia
CMCP_4,Rasbora wilpita,0.153,Rasbora
CMCP_1,Alburnus timarensis,0.152,Alburnus
CMCP_1,Aphyocypris kikuchii,0.152,Aphyocypris
CMCP_1,Balantiocheilos melanopterus,0.152,Balantiocheilos
CMCP_1,Barbodes laticeps,0.152,Barbodes
CMCP_1,Barbus grypus,0.152,Barbus
CMCP_5,Gymnocypris potanini,0.152,Gymnocypris
CMCP_3,Notemigonus crysoleucas,0.152,Notemigonus
CMCP_3,Notropis heterodon,0.152,Notropis
CMCP_3,Notropis spectrunculus,0.152,Notropis
CMCP_3,Oreichthys cosuatis,0.152,Oreichthys
CMCP_3,Paraleucogobio strigatus,0.152,Paraleucogobio
CMCP_2,Pseudobarbus quathlambae,0.152,Pseudobarbus
CMCP_2,Pseudophoxinus stymphalicus,0.152,Pseudophoxinus
CMCP_4,Rhinogobio nasutus,0.152,Rhinogobio
CMCP_4,Rhinogobio typus,0.152,Rhinogobio
CMCP_4,Rhinogobio ventralis,0.152,Rhinogobio
CMCP_1,Alburnus derjugini,0.151,Alburnus
CMCP_1,Bangana tungting,0.151,Bangana
CMCP_1,Barbus callipterus,0.151,Barbus
CMCP_1,Barbus taeniurus,0.151,Barbus
CMCP_3,Microphysogobio exilicauda,0.151,Microphysogobio
CMCP_4,Sinocyclocheilus anatirostris,0.151,Sinocyclocheilus
CMCP_1,Bangana elegans,0.15,Bangana
CMCP_1,Barbonymus schwanenfeldii,0.15,Barbonymus
CMCP_1,Barbus intermedius,0.15,Barbus
CMCP_1,Carasobarbus sublimus,0.15,Carasobarbus
CMCP_1,Carasobarbus_sp.,0.15,Carasobarbus_sp.
CMCP_3,Labeobarbus acutirostris,0.15,Labeobarbus
CMCP_3,Labeobarbus brevicephalus,0.15,Labeobarbus
CMCP_3,Labeobarbus crassibarbis,0.15,Labeobarbus
CMCP_3,Labeobarbus dainellii,0.15,Labeobarbus
CMCP_3,Labeobarbus gorgorensis,0.15,Labeobarbus
CMCP_3,Labeobarbus gorguari,0.15,Labeobarbus
CMCP_3,Labeobarbus intermedius,0.15,Labeobarbus
CMCP_3,Labeobarbus longissimus,0.15,Labeobarbus
CMCP_3,Labeobarbus macrophtalmus,0.15,Labeobarbus
CMCP_3,Labeobarbus megastoma,0.15,Labeobarbus
CMCP_3,Labeobarbus nedgia,0.15,Labeobarbus
CMCP_3,Labeobarbus platydorsus,0.15,Labeobarbus
CMCP_3,Labeobarbus surkis,0.15,Labeobarbus
CMCP_3,Labeobarbus truttiformis,0.15,Labeobarbus
CMCP_3,Labeobarbus tsanensis,0.15,Labeobarbus
CMCP_3,Notropis atrocaudalis,0.15,Notropis
CMCP_3,Notropis nubilus,0.15,Notropis
CMCP_3,Pethia conchonius,0.15,Pethia
CMCP_3,Pethia sanjaymoluri,0.15,Pethia
CMCP_5,Squalius castellanus,0.15,Squalius
CMCP_4,Rhinichthys umatilla,0.15,Rhinichthys
CMCP_4,Rutilus albus,0.15,Rutilus
CMCP_4,Rutilus basak,0.15,Rutilus
CMCP_supplement,Barbonymus schwanefeldii,0.15,Barbonymus
CMCP_1,Alburnus caeruleus,0.149,Alburnus
CMCP_5,Carasobarbus luteus,0.149,Carasobarbus
CMCP_3,Labeobarbus jubae,0.149,Labeobarbus
CMCP_3,Luxilus cerasinus,0.149,Luxilus
CMCP_3,Luxilus pilsbryi,0.149,Luxilus
CMCP_3,Notropis sabinae,0.149,Notropis
CMCP_3,Osteochilus pentalineatus,0.149,Osteochilus
CMCP_3,Phoxinus saylori,0.149,Phoxinus
CMCP_supplement,Tor douronensis,0.149,Tor
CMCP_1,Abbottina rivularis,0.148,Abbottina
CMCP_1,Bangana lemassoni,0.148,Bangana
CMCP_3,Mylopharyngodon piceus,0.148,Mylopharyngodon
CMCP_3,Nocomis asper,0.148,Nocomis
CMCP_3,Nocomis biguttatus,0.148,Nocomis
CMCP_3,Notropis chrosomus,0.148,Notropis
CMCP_3,Notropis oxyrhynchus,0.148,Notropis
CMCP_3,Paedocypris carbunculus,0.148,Paedocypris
CMCP_3,Phoxinus erythrogaster,0.148,Phoxinus
CMCP_supplement,Rasbora borapetensis,0.148,Rasbora
CMCP_1,Alburnus istanbulensis,0.147,Alburnus
CMCP_1,Bangana decora,0.147,Bangana
CMCP_1,Barbus thamalakanensis,0.147,Barbus
CMCP_2,Platysmacheilus longibarbatus,0.147,Platysmacheilus
CMCP_5,Varicorhinus maroccanus,0.147,Varicorhinus
CMCP_4,Schizothorax pelzami,0.147,Schizothorax
CMCP_1,Acanthogobio guentheri,0.146,Acanthogobio
CMCP_1,Crossocheilus burmanicus,0.146,Crossocheilus
CMCP_3,Phenacobius teretulus,0.146,Phenacobius
CMCP_5,Tanakia koreensis,0.146,Tanakia
CMCP_5,Tanakia latimarginata,0.146,Tanakia
CMCP_5,Tanakia limbata,0.146,Tanakia
CMCP_5,Tribolodon brandtii,0.146,Tribolodon
CMCP_5,Sarcocheilichthys hainanensis,0.146,Sarcocheilichthys
CMCP_1,Anabarilius grahami,0.145,Anabarilius
CMCP_1,Arabibarbus arabicus,0.145,Arabibarbus
CMCP_1,Barbodes rhombeus,0.145,Barbodes
CMCP_1,Chelaethiops elongatus,0.145,Chelaethiops
CMCP_1,Chondrostoma almacai,0.145,Chondrostoma
CMCP_1,Chondrostoma oretanum,0.145,Chondrostoma
CMCP_1,Couesius plumbeus,0.145,Couesius
CMCP_3,Nocomis effusus,0.145,Nocomis
CMCP_3,Notropis suttkusi,0.145,Notropis
CMCP_3,Paraleucogobio notacanthus,0.145,Paraleucogobio
CMCP_3,Phoxinus oxycephalus,0.145,Phoxinus
CMCP_2,Pogonichthys macrolepidotus,0.145,Pogonichthys
CMCP_5,Siphateles bicolor,0.145,Siphateles
CMCP_5,Tanichthys albonubes,0.145,Tanichthys
CMCP_4,Rasbora caudimaculata,0.145,Rasbora
CMCP_4,Rhodeus pseudosericeus,0.145,Rhodeus
CMCP_4,Sinocyclocheilus furcodorsalis,0.145,Sinocyclocheilus
CMCP_4,Sinocyclocheilus guishanensis,0.145,Sinocyclocheilus
CMCP_4,Sinocyclocheilus huaningensis,0.145,Sinocyclocheilus
CMCP_4,Sinocyclocheilus oxycephalus,0.145,Sinocyclocheilus
CMCP_4,Sinocyclocheilus purpureus,0.145,Sinocyclocheilus
CMCP_4,Sinocyclocheilus qiubeiensis,0.145,Sinocyclocheilus
CMCP_supplement,Osteochilus melanopleurus,0.145,Osteochilus
CMCP_supplement,Cirrhinus reba,0.145,Cirrhinus
CMCP_1,Acheilognathus macropterus,0.144,Acheilognathus
CMCP_1,Coreoleuciscus aeruginos,0.144,Coreoleuciscus
CMCP_1,Coreoleuciscus splendidus,0.144,Coreoleuciscus
CMCP_2,Pseudophoxinus fahirae,0.144,Pseudophoxinus
CMCP_5,Xenocyprioides carinatus,0.144,Xenocyprioides
CMCP_4,Romanogobio banaticus,0.144,Romanogobio
CMCP_4,Schizocypris altidorsalis,0.144,Schizocypris
CMCP_4,Schizopygopsis anteroventris,0.144,Schizopygopsis
CMCP_4,Sinocyclocheilus rhinocerous,0.144,Sinocyclocheilus
CMCP_1,Aaptosyax grypus,0.143,Aaptosyax
CMCP_1,Barbus camptacanthus,0.143,Barbus
CMCP_3,Luxilus coccogenis,0.143,Luxilus
CMCP_3,Oxygymnocypris stewartii,0.143,Oxygymnocypris
CMCP_4,Rasbora lacrimula,0.143,Rasbora
CMCP_4,Sarcocheilichthys czerskii,0.143,Sarcocheilichthys
CMCP_4,Schizopyge curvifrons,0.143,Schizopyge
CMCP_4,Schizothorax argentatus,0.143,Schizothorax
CMCP_4,Schizothorax lantsangensis,0.143,Schizothorax
CMCP_4,Schizothorax pseudoaksaiensis,0.143,Schizothorax
CMCP_4,Sinocyclocheilus tianlinensis,0.143,Sinocyclocheilus
CMCP_1,Abbottina lalinensis,0.142,Abbottina
CMCP_1,Abbottina liaoningensis,0.142,Abbottina
CMCP_1,Acheilognathus peihoensis,0.142,Acheilognathus
CMCP_1,Ancherythroculter kurematsui,0.142,Ancherythroculter
CMCP_3,Leuciscus baicalensis,0.142,Leuciscus
CMCP_3,Leuciscus schmidti,0.142,Leuciscus
CMCP_3,Microphysogobio liaohensis,0.142,Microphysogobio
CMCP_4,Puntius sahyadriensis,0.142,Puntius
CMCP_4,Rasbora kottelati,0.142,Rasbora
CMCP_4,Scaphognathops bandanensis,0.142,Scaphognathops
CMCP_4,Sinocyclocheilus altishoulderus,0.142,Sinocyclocheilus
CMCP_4,Sinocyclocheilus brevibarbatus,0.142,Sinocyclocheilus
CMCP_4,Sinocyclocheilus flexuosdorsalis,0.142,Sinocyclocheilus
CMCP_4,Sinocyclocheilus macrocephalus,0.142,Sinocyclocheilus
CMCP_4,Sinocyclocheilus malacopterus,0.142,Sinocyclocheilus
CMCP_4,Sinocyclocheilus xichouensis,0.142,Sinocyclocheilus
CMCP_3,Luxilus cardinalis,0.141,Luxilus
CMCP_3,Osteochilus lini,0.141,Osteochilus
CMCP_4,Rasbora sarawakensis,0.141,Rasbora
CMCP_4,Rasbora trilineata,0.141,Rasbora
CMCP_4,Saurogobio xiangjiangensis,0.141,Saurogobio
CMCP_4,Schizopygopsis stoliczkai,0.141,Schizopygopsis
CMCP_4,Schizothorax eurystomus,0.141,Schizothorax
CMCP_4,Sinocyclocheilus bicornutus,0.141,Sinocyclocheilus
CMCP_1,Barbus kerstenii,0.14,Barbus
CMCP_1,Chagunius chagunio,0.14,Chagunius
CMCP_3,Lepidomeda albivallis,0.14,Lepidomeda
CMCP_3,Lepidomeda aliciae,0.14,Lepidomeda
CMCP_3,Lepidomeda mollispinis,0.14,Lepidomeda
CMCP_3,Macrhybopsis aestivalis,0.14,Macrhybopsis
CMCP_3,Phenacobius crassilabrum,0.14,Phenacobius
CMCP_2,Platygobio gracilis,0.14,Platygobio
CMCP_2,Pseudophoxinus punicus,0.14,Pseudophoxinus
CMCP_5,Snyderichthys copei,0.14,Snyderichthys
CMCP_5,Tribolodon hakonensis,0.14,Tribolodon
CMCP_5,Xenophysogobio nudicorpa,0.14,Xenophysogobio
CMCP_5,Zacco platypus,0.14,Zacco
CMCP_4,Pteronotropis welaka,0.14,Pteronotropis
CMCP_4,Rhinichthys falcatus,0.14,Rhinichthys
CMCP_4,Rostrogobio liaohensis,0.14,Rostrogobio
CMCP_4,Schizopyge gongshanensis,0.14,Schizopyge
CMCP_4,Schizothorax gongshanensis,0.14,Schizothorax
CMCP_4,Schizothorax nukiangensis,0.14,Schizothorax
CMCP_3,Lepidomeda copei,0.139,Lepidomeda
CMCP_3,Notemigonus chrysocephalus,0.139,Notemigonus
CMCP_3,Notropis rafinesquei,0.139,Notropis
CMCP_3,Onychostoma lepturum,0.139,Onychostoma
CMCP_5,Squalius pamvoticus,0.139,Squalius
CMCP_4,Puntius conchonius,0.139,Puntius
CMCP_4,Sarcocheilichthys lacustris,0.139,Sarcocheilichthys
CMCP_4,Sarcocheilichthys sinensis,0.139,Sarcocheilichthys
CMCP_supplement,Rasbora daniconius,0.139,Rasbora
CMCP_1,Acanthorhodeus chankaensis,0.138,Acanthorhodeus
CMCP_1,Acheilognathus asmussii,0.138,Acheilognathus
CMCP_1,Acheilognathus majusculus,0.138,Acheilognathus
CMCP_3,Meda fulgida,0.138,Meda
CMCP_3,Microphysogobio rapidus,0.138,Microphysogobio
CMCP_3,Notropis boops,0.138,Notropis
CMCP_3,Notropis telescopus,0.138,Notropis
CMCP_3,Paedocypris micromegethes,0.138,Paedocypris
CMCP_3,Parabramis pekinensis,0.138,Parabramis
CMCP_3,Phenacobius uranops,0.138,Phenacobius
CMCP_2,Plagopterus argentissimus,0.138,Plagopterus
CMCP_4,Richardsonius balteatus,0.138,Richardsonius
CMCP_1,Belligobio pengxianensis,0.137,Belligobio
CMCP_1,Campostoma anomalum,0.137,Campostoma
CMCP_1,Catlocarpio siamensis,0.137,Catlocarpio
CMCP_3,Microrasbora kubotai,0.137,Microrasbora
CMCP_3,Notropis rupestris,0.137,Notropis
CMCP_3,Opsarius canarensis,0.137,Opsarius
CMCP_4,Puntius tetrazona,0.137,Puntius
CMCP_4,Raiamas guttatus,0.137,Raiamas
CMCP_4,Rasbora vaillantii,0.137,Rasbora
CMCP_4,Saurogobio xiangjiangenesis,0.137,Saurogobio
CMCP_4,Schizopyge niger,0.137,Schizopyge
CMCP_4,Schizothorax grahami,0.137,Schizothorax
CMCP_1,Acheilognathus barbatus,0.136,Acheilognathus
CMCP_3,Notropis jemezanus,0.136,Notropis
CMCP_2,Pseudophoxinus handlirschi,0.136,Pseudophoxinus
CMCP_4,Rhynchocypris lagowskii,0.136,Rhynchocypris
CMCP_4,Saurogobio gracilicaudatus,0.136,Saurogobio
CMCP_4,Sinocyclocheilus cyphotergous,0.136,Sinocyclocheilus
CMCP_4,Sinocyclocheilus multipunctatus,0.136,Sinocyclocheilus
CMCP_1,Acheilognathus barbatulus,0.135,Acheilognathus
CMCP_1,Acheilognathus gracilis,0.135,Acheilognathus
CMCP_3,Onychostoma meridionale,0.135,Onychostoma
CMCP_3,Osteobrama belangeri,0.135,Osteobrama
CMCP_2,Pseudobarbus asper,0.135,Pseudobarbus
CMCP_4,Rasbora naggsi,0.135,Rasbora
CMCP_1,Akrokolioplax bicornis,0.134,Akrokolioplax
CMCP_1,Campostoma pullum,0.134,Campostoma
CMCP_3,Notropis longirostris,0.134,Notropis
CMCP_4,Rasbora rutteni,0.134,Rasbora
CMCP_4,Sarcocheilichthys caobangensis,0.134,Sarcocheilichthys
CMCP_4,Scardinius scardafa,0.134,Scardinius
CMCP_4,Sinocyclocheilus aquihornes,0.134,Sinocyclocheilus
CMCP_1,Barilius ardens,0.133,Barilius
CMCP_3,Microdevario kubotai,0.133,Microdevario
CMCP_3,Microphysogobio nudiventris,0.133,Microphysogobio
CMCP_3,Microphysogobio yaluensis,0.133,Microphysogobio
CMCP_3,Notropis anogenus,0.133,Notropis
CMCP_3,Opsariichthys minutus,0.133,Opsariichthys
CMCP_5,Tribolodon nakamurai,0.133,Tribolodon
CMCP_4,Rasbora paucisqualis,0.133,Rasbora
CMCP_4,Saurogobio immaculatus,0.133,Saurogobio
CMCP_1,Acheilognathus hypselonotus,0.132,Acheilognathus
CMCP_1,Barbus martorelli,0.132,Barbus
CMCP_3,Luxilus zonatus,0.132,Luxilus
CMCP_3,Phoxinus percnurus,0.132,Phoxinus
CMCP_3,Phoxinus perenurus,0.132,Phoxinus
CMCP_2,Pseudophoxinus crassus,0.132,Pseudophoxinus
CMCP_5,Tribolodon sachalinensis,0.132,Tribolodon
CMCP_4,Rasbora armitagei,0.132,Rasbora
CMCP_4,Sarcocheilichthys nigripinnis,0.132,Sarcocheilichthys
CMCP_4,Sarcocheilichthys variegatus,0.132,Sarcocheilichthys
CMCP_4,Saurogobio lissilabris,0.132,Saurogobio
CMCP_supplement,Lobocheilos bo,0.132,Lobocheilos
CMCP_1,Barbus cadenati,0.131,Barbus
CMCP_1,Barbus guineensis,0.131,Barbus
CMCP_1,Carassius auratus,0.131,Carassius
CMCP_1,Carassius carassius,0.131,Carassius
CMCP_3,Natural gynogenetic,0.131,Natural
CMCP_5,Opsaridium microlepis,0.131,Opsaridium
CMCP_3,Pectenocypris balaena,0.131,Pectenocypris
CMCP_3,Phenacobius mirabilis,0.131,Phenacobius
CMCP_3,Phoxinus eos,0.131,Phoxinus
CMCP_5,Squalidus gracilis,0.131,Squalidus
CMCP_5,Sundadanio axelrodi,0.131,Sundadanio
CMCP_4,Rasbora kalochroma,0.131,Rasbora
CMCP_4,Rhodeus amarus,0.131,Rhodeus
CMCP_1,Acheilognathus koreensis,0.13,Acheilognathus
CMCP_1,Acheilognathus longibarbatus,0.13,Acheilognathus
CMCP_4,Puntius hexazona,0.13,Puntius
CMCP_4,Rasbora cephalotaenia,0.13,Rasbora
CMCP_4,Rasbora jacobsoni,0.13,Rasbora
CMCP_4,Rhodeus ocellatus,0.13,Rhodeus
CMCP_4,Rhodeus sericeus,0.13,Rhodeus
CMCP_4,Romanogobio ciscaucasicus,0.13,Romanogobio
CMCP_4,Romanogobio parvus,0.13,Romanogobio
CMCP_4,Semotilus thoreauianus,0.13,Semotilus
CMCP_3,Notropis uranoscopus,0.129,Notropis
CMCP_2,Pseudolaubuca engraulis,0.129,Pseudolaubuca
CMCP_2,Pseudophoxinus beoticus,0.129,Pseudophoxinus
CMCP_5,Systomus pleurotaenia,0.129,Systomus
CMCP_4,Ptychocheilus oregonensis,0.129,Ptychocheilus
CMCP_4,Raiamas batesii,0.129,Raiamas
CMCP_4,Rhinichthys osculus,0.129,Rhinichthys
CMCP_4,Rutilus rubilio,0.129,Rutilus
CMCP_4,Saurogobio dabryi,0.129,Saurogobio
CMCP_1,Barbodes banksi,0.128,Barbodes
CMCP_1,Chondrostoma oligolepis,0.128,Chondrostoma
CMCP_3,Notropis harperi,0.128,Notropis
CMCP_2,Pseudogyrinocheilus prochilus,0.128,Pseudogyrinocheilus
CMCP_5,Xenocyprioides parvulus,0.128,Xenocyprioides
CMCP_4,Rhinichthys evermanni,0.128,Rhinichthys
CMCP_4,Rhodeus spinalis,0.128,Rhodeus
CMCP_4,Rhynchocypris czekanowskii,0.128,Rhynchocypris
CMCP_4,Saurogobio dumerili,0.128,Saurogobio
CMCP_3,Leuciscus burdigalensis,0.127,Leuciscus
CMCP_3,Leuciscus oxyrrhis,0.127,Leuciscus
CMCP_3,Paracanthobrama guichenoti,0.127,Paracanthobrama
CMCP_2,Pseudophoxinus alii,0.127,Pseudophoxinus
CMCP_2,Pseudophoxinus antalyae,0.127,Pseudophoxinus
CMCP_2,Pseudophoxinus battalgilae,0.127,Pseudophoxinus
CMCP_2,Pseudophoxinus battalgili,0.127,Pseudophoxinus
CMCP_4,Raiamas bola,0.127,Raiamas
CMCP_4,Rhodeus albomarginatus,0.127,Rhodeus
CMCP_4,Rhodeus atremius,0.127,Rhodeus
CMCP_4,Rhynchocypris kumgangensis,0.127,Rhynchocypris
CMCP_4,Sahyadria denisonii,0.127,Sahyadria
CMCP_4,Schizopygopsis thermalis,0.127,Schizopygopsis
CMCP_4,Schizopygopsis younghusbandi,0.127,Schizopygopsis
CMCP_supplement,Pseudorasbora parva,0.127,Pseudorasbora
CMCP_1,Acheilognathus tabira,0.126,Acheilognathus
CMCP_3,Leptocypris modestus,0.126,Leptocypris
CMCP_2,Pimephales tenellus,0.126,Pimephales
CMCP_2,Pteronotropis euryzonus,0.126,Pteronotropis
CMCP_4,Pteronotropis metallicus,0.126,Pteronotropis
CMCP_4,Ptychocheilus umpquae,0.126,Ptychocheilus
CMCP_4,Rasbora maninjau,0.126,Rasbora
CMCP_4,Rhinichthys cataractae,0.126,Rhinichthys
CMCP_1,Algansea aphanea,0.125,Algansea
CMCP_3,Notropis micropteryx,0.125,Notropis
CMCP_2,Pteronotropis grandipinnis,0.125,Pteronotropis
CMCP_2,Pteronotropis hypselopterus,0.125,Pteronotropis
CMCP_4,Puntius titteya,0.125,Puntius
CMCP_4,Scardinius dergle,0.125,Scardinius
CMCP_supplement,Gymnodiptychus pachycheilus,0.125,Gymnodiptychus
CMCP_1,Acheilognathus typus,0.124,Acheilognathus
CMCP_1,Anabarilius liui,0.124,Anabarilius
CMCP_3,Opsariichthys bidens,0.124,Opsariichthys
CMCP_5,Tanichthys micagemmae,0.124,Tanichthys
CMCP_4,Ptychocheilus lucius,0.124,Ptychocheilus
CMCP_4,Rasbora brittani,0.124,Rasbora
CMCP_4,Rastrineobola argentea,0.124,Rastrineobola
CMCP_4,Rhodeus lighti,0.124,Rhodeus
CMCP_4,Rhodeus notatus,0.124,Rhodeus
CMCP_4,Romanogobio tenuicorpus,0.124,Romanogobio
CMCP_4,Scardinius plotizza,0.124,Scardinius
CMCP_4,Sinocyclocheilus anophthalmus,0.124,Sinocyclocheilus
CMCP_4,Sinocyclocheilus maculatus,0.124,Sinocyclocheilus
CMCP_4,Sinocyclocheilus maitianheensis,0.124,Sinocyclocheilus
CMCP_4,Sinocyclocheilus xunlensis,0.124,Sinocyclocheilus
CMCP_2,Poropuntius krempfi,0.123,Poropuntius
CMCP_2,Pteronotropis merlini,0.123,Pteronotropis
CMCP_4,Puntius chalakkudiensis,0.123,Puntius
CMCP_4,Rhodeus meridionalis,0.123,Rhodeus
CMCP_4,Romanogobio kesslerii,0.123,Romanogobio
CMCP_4,Semotilus corporalis,0.123,Semotilus
CMCP_4,Sinocyclocheilus anshuiensis,0.123,Sinocyclocheilus
CMCP_4,Sinocyclocheilus macrophthalmus,0.123,Sinocyclocheilus
CMCP_supplement,Pethia gelius,0.123,Pethia
CMCP_3,Leuciscus idus,0.122,Leuciscus
CMCP_3,Notropis bairdi,0.122,Notropis
CMCP_3,Phoxinus karsticus,0.122,Phoxinus
CMCP_2,Platysmacheilus nudiventris,0.122,Platysmacheilus
CMCP_2,Sinocyclocheilus erythrophthalmus,0.122,Sinocyclocheilus
CMCP_4,Puntius chelynoides,0.122,Puntius
CMCP_4,Puntius everetti,0.122,Puntius
CMCP_4,Rasbora bankanensis,0.122,Rasbora
CMCP_4,Rasbora kalbarensis,0.122,Rasbora
CMCP_4,Rasbora patrickyapi,0.122,Rasbora
CMCP_4,Romanogobio albipinnatus,0.122,Romanogobio
CMCP_4,Sarcocheilichthys davidi,0.122,Sarcocheilichthys
CMCP_4,Scardinius elmaliensis,0.122,Scardinius
CMCP_4,Sinocyclocheilus brevifinus,0.122,Sinocyclocheilus
CMCP_4,Sinocyclocheilus huangtianensis,0.122,Sinocyclocheilus
CMCP_1,Chuanchia labiosa,0.121,Chuanchia
CMCP_2,Poropuntius laoensis,0.121,Poropuntius
CMCP_2,Probarbus jullieni,0.121,Probarbus
CMCP_2,Probarbus labeaminor,0.121,Probarbus
CMCP_2,Pseudaspius leptocephalus,0.121,Pseudaspius
CMCP_4,Puntius oligolepis,0.121,Puntius
CMCP_4,Rasbora elegans,0.121,Rasbora
CMCP_4,Scardinius graecus,0.121,Scardinius
CMCP_4,Sinocyclocheilus angularis,0.121,Sinocyclocheilus
CMCP_4,Sinocyclocheilus liboensis,0.121,Sinocyclocheilus
CMCP_3,Notropis amoenus,0.12,Notropis
CMCP_3,Notropis rubellus,0.12,Notropis
CMCP_3,Percocypris tchangi,0.12,Percocypris
CMCP_2,Poropuntius bantamensis,0.12,Poropuntius
CMCP_2,Poropuntius opisthoptera,0.12,Poropuntius
CMCP_2,Poropuntius opisthopterus,0.12,Poropuntius
CMCP_2,Pseudobarbus senticeps,0.12,Pseudobarbus
CMCP_2,Pseudohemiculter hainanensis,0.12,Pseudohemiculter
CMCP_5,Telestes ukliva,0.12,Telestes
CMCP_4,Raiamas buchholzi,0.12,Raiamas
CMCP_4,Rasbora semilineata,0.12,Rasbora
CMCP_4,Rhinogobio hunanensis,0.12,Rhinogobio
CMCP_4,Rhynchocypris percnurus,0.12,Rhynchocypris
CMCP_4,Scaphiodonichthys acanthopterus,0.12,Scaphiodonichthys
CMCP_4,Sinocyclocheilus gracilicaudatus,0.12,Sinocyclocheilus
CMCP_4,Sinocyclocheilus grahami,0.12,Sinocyclocheilus
CMCP_4,Sinocyclocheilus hugeibarbus,0.12,Sinocyclocheilus
CMCP_4,Sinocyclocheilus huizeensis,0.12,Sinocyclocheilus
CMCP_4,Sinocyclocheilus hyalinus,0.12,Sinocyclocheilus
CMCP_4,Sinocyclocheilus jii,0.12,Sinocyclocheilus
CMCP_4,Sinocyclocheilus jiuxuensis,0.12,Sinocyclocheilus
CMCP_4,Sinocyclocheilus lingyunensis,0.12,Sinocyclocheilus
CMCP_4,Sinocyclocheilus longibarbatus,0.12,Sinocyclocheilus
CMCP_4,Sinocyclocheilus mashanensis,0.12,Sinocyclocheilus
CMCP_4,Sinocyclocheilus qiubeinsis,0.12,Sinocyclocheilus
CMCP_4,Sinocyclocheilus tingi,0.12,Sinocyclocheilus
CMCP_4,Sinocyclocheilus yimenensis,0.12,Sinocyclocheilus
CMCP_1,Barbus eburneensis,0.119,Barbus
CMCP_1,Boraras maculatus,0.119,Boraras
CMCP_2,Pseudaspius hakonensis,0.119,Pseudaspius
CMCP_2,Pseudolaubuca sinensis,0.119,Pseudolaubuca
CMCP_5,Squalius aphipsi,0.119,Squalius
CMCP_4,Rhodeus laoensis,0.119,Rhodeus
CMCP_4,Romanogobio benacensis,0.119,Romanogobio
CMCP_4,Sinocyclocheilus yangzongensis,0.119,Sinocyclocheilus
CMCP_4,Sinocyclocheilus yishanensis,0.119,Sinocyclocheilus
CMCP_3,Luxilus chrysocephalus,0.118,Luxilus
CMCP_3,Pelasgus minutus,0.118,Pelasgus
CMCP_2,Poropuntius huangchuchieni,0.118,Poropuntius
CMCP_2,Pseudophoxinus anatolicus,0.118,Pseudophoxinus
CMCP_5,Thynnichthys thynnoides,0.118,Thynnichthys
CMCP_4,Pungtungia herzi,0.118,Pungtungia
CMCP_4,Rasbora atridorsalis,0.118,Rasbora
CMCP_4,Rasbora borneensis,0.118,Rasbora
CMCP_4,Rasbora subtilis,0.118,Rasbora
CMCP_4,Rhynchocypris jouyi,0.118,Rhynchocypris
CMCP_4,Salmophasia bacaila,0.118,Salmophasia
CMCP_4,Saurogobio gymnocheilus,0.118,Saurogobio
CMCP_4,Sinocrossocheilus labiata,0.118,Sinocrossocheilus
CMCP_4,Sinocrossocheilus labiatus,0.118,Sinocrossocheilus
CMCP_4,Sinocyclocheilus wumengshanensis,0.118,Sinocyclocheilus
CMCP_3,Microphysogobio chinssuensis,0.117,Microphysogobio
CMCP_2,Poropuntius bolovenensis,0.117,Poropuntius
CMCP_2,Poropuntius carinatus,0.117,Poropuntius
CMCP_2,Poropuntius lobocheiloides,0.117,Poropuntius
CMCP_2,Poropuntius normani,0.117,Poropuntius
CMCP_2,Poropuntius scapanognathus,0.117,Poropuntius
CMCP_2,Poropuntius solitus,0.117,Poropuntius
CMCP_5,Xenophysogobio boulengeri,0.117,Xenophysogobio
CMCP_4,Puntioplites proctozystron,0.117,Puntioplites
CMCP_4,Puntius fasciatus,0.117,Puntius
CMCP_4,Puntius jerdoni,0.117,Puntius
CMCP_4,Qianlabeo striatus,0.117,Qianlabeo
CMCP_4,Rasbora arundinata,0.117,Rasbora
CMCP_4,Schizothorax macropogon,0.117,Schizothorax
CMCP_4,Sinocyclocheilus huanjiangensis,0.117,Sinocyclocheilus
CMCP_4,Sinocyclocheilus macrolepis,0.117,Sinocyclocheilus
CMCP_supplement,Rasbora lateristriata,0.117,Rasbora
CMCP_1,Bangana lippus,0.116,Bangana
CMCP_3,Parasinilabeo assimilis,0.116,Parasinilabeo
CMCP_3,Parasinilabeo longiventralis,0.116,Parasinilabeo
CMCP_2,Pseudobarbus afer,0.116,Pseudobarbus
CMCP_2,Pseudobarbus burchelli,0.116,Pseudobarbus
CMCP_2,Pseudohemiculter dispar,0.116,Pseudohemiculter
CMCP_5,Squalius malacitanus,0.116,Squalius
CMCP_4,Ptychobarbus dipogon,0.116,Ptychobarbus
CMCP_4,Puntius kelumi,0.116,Puntius
CMCP_4,Raiamas salmolucius,0.116,Raiamas
CMCP_4,Raiamas senegalensis,0.116,Raiamas
CMCP_4,Rasbora hobelmani,0.116,Rasbora
CMCP_4,Rasbora steineri,0.116,Rasbora
CMCP_4,Rasbora volzii,0.116,Rasbora
CMCP_4,Rhinogobio cylindricus,0.116,Rhinogobio
CMCP_4,Rhodeus fangi,0.116,Rhodeus
CMCP_4,Sarcocheilichthys parvus,0.116,Sarcocheilichthys
CMCP_4,Schizopygopsis chengi,0.116,Schizopygopsis
CMCP_4,Schizopygopsis pylzovi,0.116,Schizopygopsis
CMCP_4,Schizothorax curvilabiatus,0.116,Schizothorax
CMCP_4,Sinocyclocheilus angustiporus,0.116,Sinocyclocheilus
CMCP_4,Sinocyclocheilus brevis,0.116,Sinocyclocheilus
CMCP_1,Barbus paludinosus,0.115,Barbus
CMCP_3,Microphysogobio kachekensis,0.115,Microphysogobio
CMCP_3,Microphysogobio yunnanensis,0.115,Microphysogobio
CMCP_3,Opsarius koratensis,0.115,Opsarius
CMCP_3,Paraqianlabeo lineatus,0.115,Paraqianlabeo
CMCP_2,Plagiognathops microlepis,0.115,Plagiognathops
CMCP_2,Prolixicheilus longisulcus,0.115,Prolixicheilus
CMCP_2,Pseudobarbus phlegethon,0.115,Pseudobarbus
CMCP_2,Pseudogobio vaillanti,0.115,Pseudogobio
CMCP_5,Tiaroga cobitis,0.115,Tiaroga
CMCP_4,Puntioplites falcifer,0.115,Puntioplites
CMCP_4,Puntius lateristriga,0.115,Puntius
CMCP_4,Puntius lineatus,0.115,Puntius
CMCP_4,Rasbora pauciperforata,0.115,Rasbora
CMCP_4,Rasbora trifasciata,0.115,Rasbora
CMCP_4,Rasbora tuberculata,0.115,Rasbora
CMCP_4,Scaphiodonichthys burmanicus,0.115,Scaphiodonichthys
CMCP_4,Schizothorax integrilabiatus,0.115,Schizothorax
CMCP_4,Schizothorax malacanthus,0.115,Schizothorax
CMCP_4,Schizothorax meridionalis,0.115,Schizothorax
CMCP_4,Schizothorax molesworthi,0.115,Schizothorax
CMCP_4,Schizothorax rotundimaxillaris,0.115,Schizothorax
CMCP_4,Sinocrossocheilus megalophthalmus,0.115,Sinocrossocheilus
CMCP_4,Sinocyclocheilus guilinensis,0.115,Sinocyclocheilus
CMCP_supplement,Tiaroga cobitis,0.115,Tiaroga
CMCP_1,Aphyocypris lini,0.114,Aphyocypris
CMCP_1,Barbus gurneyi,0.114,Barbus
CMCP_3,Opsarius caudiocellatus,0.114,Opsarius
CMCP_3,Pectenocypris korthausae,0.114,Pectenocypris
CMCP_2,Pseudobarbus tenuis,0.114,Pseudobarbus
CMCP_5,Trigonostigma espei,0.114,Trigonostigma
CMCP_4,Puntioplites bulu,0.114,Puntioplites
CMCP_4,Rasbora myersi,0.114,Rasbora
CMCP_4,Rectoris luxiensis,0.114,Rectoris
CMCP_4,Romanogobio belingi,0.114,Romanogobio
CMCP_4,Romanogobio vladykovi,0.114,Romanogobio
CMCP_4,Sawbwa resplendens,0.114,Sawbwa
CMCP_4,Scardinius knezevici,0.114,Scardinius
CMCP_4,Schismatorhynchos nukta,0.114,Schismatorhynchos
CMCP_4,Schizothorax chongi,0.114,Schizothorax
CMCP_4,Schizothorax davidi,0.114,Schizothorax
CMCP_4,Schizothorax dolichonema,0.114,Schizothorax
CMCP_4,Schizothorax dulongensis,0.114,Schizothorax
CMCP_4,Schizothorax griseus,0.114,Schizothorax
CMCP_4,Schizothorax kozlovi,0.114,Schizothorax
CMCP_4,Schizothorax lissolabiatus,0.114,Schizothorax
CMCP_4,Schizothorax prenanti,0.114,Schizothorax
CMCP_4,Schizothorax sinensis,0.114,Schizothorax
CMCP_4,Schizothorax yunnanensis,0.114,Schizothorax
CMCP_1,Aphyocypris normalis,0.113,Aphyocypris
CMCP_3,Nicholsicypris normalis,0.113,Nicholsicypris
CMCP_2,Platypharodon extremus,0.113,Platypharodon
CMCP_2,Procypris mera,0.113,Procypris
CMCP_2,Pseudobarbus verloreni,0.113,Pseudobarbus
CMCP_2,Pseudophoxinus maeandri,0.113,Pseudophoxinus
CMCP_2,Pseudophoxinus minutus,0.113,Pseudophoxinus
CMCP_2,Pseudophoxinus ninae,0.113,Pseudophoxinus
CMCP_4,Ptychidio macrops,0.113,Ptychidio
CMCP_4,Ptychobarbus chungtienensis,0.113,Ptychobarbus
CMCP_4,Ptychobarbus conirostris,0.113,Ptychobarbus
CMCP_4,Puntioplites waandersi,0.113,Puntioplites
CMCP_4,Puntius phutunio,0.113,Puntius
CMCP_4,Rasbora dorsiocellata,0.113,Rasbora
CMCP_4,Rasboroides vaterifloris,0.113,Rasboroides
CMCP_4,Schizothorax biddulphi,0.113,Schizothorax
CMCP_4,Semilabeo notabilis,0.113,Semilabeo
CMCP_4,Sikukia gudgeri,0.113,Sikukia
CMCP_1,Aphyocypris pulchrilineata,0.112,Aphyocypris
CMCP_1,Barbus motebensis,0.112,Barbus
CMCP_3,Ladigesocypris ghigii,0.112,Ladigesocypris
CMCP_3,Ladigesocypris irideus,0.112,Ladigesocypris
CMCP_3,Microphysogobio brevirostris,0.112,Microphysogobio
CMCP_4,Ptychobarbus kaznakovi,0.112,Ptychobarbus
CMCP_4,Puntius dorsalis,0.112,Puntius
CMCP_4,Puntius sachsii,0.112,Puntius
CMCP_4,Puntius semifasciolatus,0.112,Puntius
CMCP_4,Rasbora aprotaenia,0.112,Rasbora
CMCP_4,Rasbora spilotaenia,0.112,Rasbora
CMCP_4,Richardsonius egregius,0.112,Richardsonius
CMCP_4,Salmophasia boopis,0.112,Salmophasia
CMCP_4,Schizopygopsis malacanthus,0.112,Schizopygopsis
CMCP_4,Schizothorax waltoni,0.112,Schizothorax
CMCP_4,Sinocyclocheilus qujingensis,0.112,Sinocyclocheilus
CMCP_1,Barbus serra,0.111,Barbus
CMCP_3,Notropis alborus,0.111,Notropis
CMCP_2,Pseudogobio esocinus,0.111,Pseudogobio
CMCP_5,Trigonostigma hengeli,0.111,Trigonostigma
CMCP_4,Puntius paucimaculatus,0.111,Puntius
CMCP_4,Rasbora beauforti,0.111,Rasbora
CMCP_4,Rasbora vaterifloris,0.111,Rasbora
CMCP_4,Romanogobio uranoscopus,0.111,Romanogobio
CMCP_4,Rutilus alburnoides,0.111,Rutilus
CMCP_4,Rutulis alburnoides,0.111,Rutulis
CMCP_4,Semilabeo obscurus,0.111,Semilabeo
CMCP_4,Sinocyclocheilus lateristriatus,0.111,Sinocyclocheilus
CMCP_1,Barbus macinensis,0.11,Barbus
CMCP_1,Candidia pingtungensis,0.11,Candidia
CMCP_2,Pseudorasbora pugnax,0.11,Pseudorasbora
CMCP_4,Puntius sarana,0.11,Puntius
CMCP_4,Rasbora johannae,0.11,Rasbora
CMCP_4,Romanogobio macropterus,0.11,Romanogobio
CMCP_4,Rutilus macrolepidotus,0.11,Rutilus
CMCP_4,Schizopygopsis kessleri,0.11,Schizopygopsis
CMCP_4,Schizothorax macrophthalmus,0.11,Schizothorax
CMCP_4,Schizothorax nepalensis,0.11,Schizothorax
CMCP_4,Schizothorax oconnori,0.11,Schizothorax
CMCP_4,Schizothorax raraensis,0.11,Schizothorax
CMCP_4,Schizothorax wangchiachii,0.11,Schizothorax
CMCP_4,Sikukia flavicaudata,0.11,Sikukia
CMCP_4,Sinilabeo dero,0.11,Sinilabeo
CMCP_4,Sinocyclocheilus microphthalmus,0.11,Sinocyclocheilus
CMCP_3,Leuciscus cephalus,0.109,Leuciscus
CMCP_5,Squalius orientalis,0.109,Squalius
CMCP_5,Squalius turcicus,0.109,Squalius
CMCP_5,Xenocypris dividi,0.109,Xenocypris
CMCP_4,Ptychidio jordani,0.109,Ptychidio
CMCP_4,Puntius gelius,0.109,Puntius
CMCP_4,Puntius melanampyx,0.109,Puntius
CMCP_4,Puntius thermalis,0.109,Puntius
CMCP_4,Rasbora paviana,0.109,Rasbora
CMCP_4,Rasbora tubbi,0.109,Rasbora
CMCP_4,Rasbora vulgaris,0.109,Rasbora
CMCP_4,Scardinius acarnanicus,0.109,Scardinius
CMCP_1,Barbodes aurotaeniatus,0.108,Barbodes
CMCP_1,Barbus anema,0.108,Barbus
CMCP_1,Campostoma ornatum,0.108,Campostoma
CMCP_3,Leuciscus merzbacheri,0.108,Leuciscus
CMCP_3,Phoxinus strymonicus,0.108,Phoxinus
CMCP_2,Pseudochondrostoma polylepis,0.108,Pseudochondrostoma
CMCP_2,Pseudorasbora interrupta,0.108,Pseudorasbora
CMCP_4,Rasbora chrysotaenia,0.108,Rasbora
CMCP_4,Rasbora ennealepis,0.108,Rasbora
CMCP_4,Rasbora rubrodorsalis,0.108,Rasbora
CMCP_4,Rhodeus suigensis,0.108,Rhodeus
CMCP_4,Schizothorax esocinus,0.108,Schizothorax
CMCP_4,Schizothorax labiatus,0.108,Schizothorax
CMCP_4,Schizothorax progastus,0.108,Schizothorax
CMCP_4,Schizothorax richardsonii,0.108,Schizothorax
CMCP_1,Barbus ablabes,0.107,Barbus
CMCP_2,Pseudogobio guilinensis,0.107,Pseudogobio
CMCP_5,Telestes polylepis,0.107,Telestes
CMCP_4,Ptychidio longibarbus,0.107,Ptychidio
CMCP_4,Puntius arulius,0.107,Puntius
CMCP_4,Rhynchocypris oxycephalus,0.107,Rhynchocypris
CMCP_4,Schizopygopsis kialingensis,0.107,Schizopygopsis
CMCP_4,Sinibrama melrosei,0.107,Sinibrama
CMCP_1,Acheilognathus cyanostigma,0.106,Acheilognathus
CMCP_3,Nipponocypris koreanus,0.106,Nipponocypris
CMCP_3,Nipponocypris temminckii,0.106,Nipponocypris
CMCP_3,Notropis bifrenatus,0.106,Notropis
CMCP_3,Notropis greenei,0.106,Notropis
CMCP_3,Opsariichthys uncirostris,0.106,Opsariichthys
CMCP_5,Toxabramis swinhonis,0.106,Toxabramis
CMCP_5,Xenocypris hupeinensis,0.106,Xenocypris
CMCP_5,Zacco temminckii,0.106,Zacco
CMCP_4,Rasbora dusonensis,0.106,Rasbora
CMCP_4,Scaphognathops stejnegeri,0.106,Scaphognathops
CMCP_supplement,Rohtee ogilbii,0.106,Rohtee
CMCP_1,Abbottina binhi,0.105,Abbottina
CMCP_3,Notropis girardi,0.105,Notropis
CMCP_2,Procypris rabaudi,0.105,Procypris
CMCP_2,Pseudocrossocheilus papillolabrus,0.105,Pseudocrossocheilus
CMCP_2,Pseudocrossocheilus tridentis,0.105,Pseudocrossocheilus
CMCP_2,Pseudorasbora pumila,0.105,Pseudorasbora
CMCP_5,Zacco sieboldii,0.105,Zacco
CMCP_4,Pteronotropis signipinnis,0.105,Pteronotropis
CMCP_4,Rasbora laticlavia,0.105,Rasbora
CMCP_4,Rasbora rasbora,0.105,Rasbora
CMCP_4,Rasbora sumatrana,0.105,Rasbora
CMCP_4,Rutilus arcasii,0.105,Rutilus
CMCP_supplement,Zacco sieboldii,0.105,Zacco
CMCP_1,Algansea avia,0.104,Algansea
CMCP_3,Pararasbora moltrechti,0.104,Pararasbora
CMCP_2,Pseudochondrostoma willkommii,0.104,Pseudochondrostoma
CMCP_5,Xenocypris davidi,0.104,Xenocypris
CMCP_5,Xenocypris microlepis,0.104,Xenocypris
CMCP_5,Xenocypris yunnanensis,0.104,Xenocypris
CMCP_4,Sinocrossocheilus liuchengensis,0.104,Sinocrossocheilus
CMCP_3,Luciosoma bleekeri,0.103,Luciosoma
CMCP_5,Systomus martenstyni,0.103,Systomus
CMCP_4,Rasbora tornieri,0.103,Rasbora
CMCP_4,Rutilus lemmingii,0.103,Rutilus
CMCP_4,Sinibrama macrops,0.103,Sinibrama
CMCP_4,Sinibrama wui,0.103,Sinibrama
CMCP_1,Barbus pallidus,0.102,Barbus
CMCP_3,Phoxinus ujmonensis,0.102,Phoxinus
CMCP_2,Prolabeops melanhypopterus,0.102,Prolabeops
CMCP_2,Pseudocrossocheilus bamaensis,0.102,Pseudocrossocheilus
CMCP_2,Pseudocrossocheilus longibullus,0.102,Pseudocrossocheilus
CMCP_2,Pseudocrossocheilus nigrovittatus,0.102,Pseudocrossocheilus
CMCP_4,Sinocrossocheilus bamaensis,0.102,Sinocrossocheilus
CMCP_4,Sinocrossocheilus guizhouensis,0.102,Sinocrossocheilus
CMCP_1,Barbus macrops,0.101,Barbus
CMCP_1,Chanodichthys dabryi,0.101,Chanodichthys
CMCP_3,Metzia longinasus,0.101,Metzia
CMCP_3,Microdevario gatesi,0.101,Microdevario
CMCP_3,Notropis wickliffi,0.101,Notropis
CMCP_3,Pethia reval,0.101,Pethia
CMCP_4,Raiamas christyi,0.101,Raiamas
CMCP_4,Rectoris posehensis,0.101,Rectoris
CMCP_4,Sinibrama taeniatus,0.101,Sinibrama
CMCP_4,Sinilabeo rendahli,0.101,Sinilabeo
CMCP_1,Coreius heterodon,0.1,Coreius
CMCP_3,Parazacco spilurus,0.1,Parazacco
CMCP_1,Ancherythroculter wangi,0.099,Ancherythroculter
CMCP_1,Barbus baudoni,0.099,Barbus
CMCP_1,Chanodichthys mongolicus,0.099,Chanodichthys
CMCP_1,Chela dadiburjori,0.099,Chela
CMCP_1,Chela dadyburjori,0.099,Chela
CMCP_3,Laubuka lankensis,0.099,Laubuka
CMCP_3,Notropis candidus,0.099,Notropis
CMCP_3,Oreoleuciscus humilis,0.099,Oreoleuciscus
CMCP_3,Oreoleuciscus potanini,0.099,Oreoleuciscus
CMCP_2,Placocheilus caudofasciatus,0.099,Placocheilus
CMCP_2,Pseudobrama simoni,0.099,Pseudobrama
CMCP_1,Barbus brevipinnis,0.098,Barbus
CMCP_1,Acanthorhodeus gracilis,0.097,Acanthorhodeus
CMCP_1,Barbus pobeguini,0.097,Barbus
CMCP_1,Boraras merah,0.097,Boraras
CMCP_1,Candidia barbata,0.097,Candidia
CMCP_1,Candidia barbatus,0.097,Candidia
CMCP_3,Laubuca caeruleostigmata,0.097,Laubuca
CMCP_3,Notropis photogenis,0.097,Notropis
CMCP_3,Paracheilognathus himantegus,0.097,Paracheilognathus
CMCP_3,Parachela williaminae,0.097,Parachela
CMCP_5,Tanakia himantegus,0.097,Tanakia
CMCP_5,Tinca tinca,0.097,Tinca
CMCP_1,Barbus lineomaculatus,0.096,Barbus
CMCP_1,Barbus neefi,0.096,Barbus
CMCP_1,Barilius malabaricus,0.096,Barilius
CMCP_3,Laubuca fasciata,0.096,Laubuca
CMCP_3,Laubuca laubuca,0.096,Laubuca
CMCP_3,Metzia formosae,0.096,Metzia
CMCP_1,Biwia zezera,0.095,Biwia
CMCP_1,Boraras brigittae,0.095,Boraras
CMCP_3,Microphysogobio fukiensis,0.095,Microphysogobio
CMCP_5,Systomus tetrazona,0.095,Systomus
CMCP_supplement,Pimephales promelas,0.095,Pimephales
CMCP_1,Clypeobarbus congicus,0.094,Clypeobarbus
CMCP_1,Clypeobarbus pleuropholis,0.094,Clypeobarbus
CMCP_3,Microphysogobio alticorpus,0.094,Microphysogobio
CMCP_5,Osteochilus spilurus,0.094,Osteochilus
CMCP_5,Siphateles alvordensis,0.094,Siphateles
CMCP_5,Siphateles boraxobius,0.094,Siphateles
CMCP_supplement,Microrasbora rubescens,0.094,Microrasbora
CMCP_1,Algansea monticola,0.093,Algansea
CMCP_1,Barbus tiekoroi,0.093,Barbus
CMCP_3,Labiobarbus lineatus,0.092,Labiobarbus
CMCP_3,Microphysogobio tafangensis,0.092,Microphysogobio
CMCP_3,Nematobramis steindachneri,0.092,Nematobramis
CMCP_3,Opsariichthys pachycephalus,0.092,Opsariichthys
CMCP_5,Zacco pachycephalus,0.092,Zacco
CMCP_supplement,Microrasbora erythromicron,0.092,Microrasbora
CMCP_3,Parachela maculicauda,0.091,Parachela
CMCP_1,Acheilognathus rhombeus,0.09,Acheilognathus
CMCP_3,Parachela oxygastroides,0.09,Parachela
CMCP_1,Acheilognathus deignani,0.089,Acheilognathus
CMCP_1,Chrosomus cumberlandensis,0.089,Chrosomus
CMCP_3,Phoxinus cumberlandensis,0.089,Phoxinus
CMCP_1,Barbus aspilus,0.088,Barbus
CMCP_3,Phoxinus neogaeus,0.088,Phoxinus
CMCP_5,Thynnichthys polylepis,0.088,Thynnichthys
CMCP_supplement,Semotilus atromaculatus,0.088,Semotilus
CMCP_1,Agosia chrysogaster,0.087,Agosia
CMCP_3,Laubuca dadiburjori,0.087,Laubuca
CMCP_5,Semotilus atromaculatus,0.087,Semotilus
CMCP_3,Opsariichthys duchuunguyeni,0.086,Opsariichthys
CMCP_3,Notropis percobromus,0.085,Notropis
CMCP_3,Notropis texanus,0.08,Notropis
CMCP_3,Notropis xaenocephalus,0.08,Notropis
CMCP_1,Alburnus orontis,0.078,Alburnus
CMCP_1,Betadevario ramachandrani,0.077,Betadevario
